Trade #,Type,Signal,Date/Time,Price USDT,Contracts,Profit USDT,Profit %,Cum. Profit USDT,Cum. Profit %,Run-up USDT,Run-up %,Drawdown USDT,Drawdown %
1,Exit Short,Exit Short,2020-04-02 18:00,7044.3,158.947466,-120609.36,-12.06,-120609.36,-12.06,22668.00,2.27,120273.46,12.03
1,Entry Short,Short,2020-04-01 08:00,6289.5,158.947466,-120609.36,-12.06,-120609.36,-12.06,22668.00,2.27,120273.46,12.03
2,Exit Short,Long,2020-04-14 07:00,6881.0,122.517859,35564.86,4.04,-85044.50,4.04,75513.56,8.59,263.74,0.03
2,Entry Short,Short,2020-04-10 05:00,7175.5,122.517859,35564.86,4.04,-85044.50,4.04,75513.56,8.59,263.74,0.03
3,Exit Long,Exit Long,2020-04-30 04:00,9083.0,132.965256,292152.70,31.92,207108.19,31.93,292515.01,31.96,55521.54,6.07
3,Entry Long,Long,2020-04-14 07:00,6881.0,132.965256,292152.70,31.92,207108.19,31.93,292515.01,31.96,55521.54,6.07
4,Exit Short,Long,2020-05-04 23:00,8938.0,137.036812,-18818.33,-1.56,188289.86,-1.56,38145.32,3.16,19136.07,1.59
4,Entry Short,Short,2020-05-04 02:00,8806.0,137.036812,-18818.33,-1.56,188289.86,-1.56,38145.32,3.16,19136.07,1.59
5,Exit Long,Short,2020-05-10 00:00,9604.5,132.949297,87871.14,7.39,276161.00,7.39,148746.15,12.51,22559.02,1.90
5,Entry Long,Long,2020-05-04 23:00,8938.0,132.949297,87871.14,7.39,276161.00,7.39,148746.15,12.51,22559.02,1.90
6,Exit Short,Long,2020-05-12 19:00,8872.5,132.871178,96525.18,7.56,372686.19,7.56,192479.67,15.08,4169.68,0.33
6,Entry Short,Short,2020-05-10 00:00,9604.5,132.871178,96525.18,7.56,372686.19,7.56,192479.67,15.08,4169.68,0.33
7,Exit Long,Exit Long,2020-05-12 19:00,8836.1,154.705896,-6453.18,-0.47,366233.01,-0.47,4461.45,0.32,6043.08,0.44
7,Entry Long,Long,2020-05-12 19:00,8872.5,154.705896,-6453.18,-0.47,366233.01,-0.47,4461.45,0.32,6043.08,0.44
8,Exit Long,Short,2020-05-16 01:00,9315.0,152.922046,57808.52,4.23,424041.52,4.23,153812.14,11.26,15625.49,1.14
8,Entry Long,Long,2020-05-13 02:00,8931.5,152.922046,57808.52,4.23,424041.52,4.23,153812.14,11.26,15625.49,1.14
9,Exit Short,Long,2020-05-16 14:00,9466.5,152.876183,-24022.11,-1.69,400019.41,-1.69,14096.02,0.99,41398.03,2.91
9,Entry Short,Short,2020-05-16 01:00,9315.0,152.876183,-24022.11,-1.69,400019.41,-1.69,14096.02,0.99,41398.03,2.91
10,Exit Long,Short,2020-05-19 06:00,9535.5,147.893472,9361.57,0.67,409380.98,0.67,72195.68,5.16,30442.38,2.17
10,Entry Long,Long,2020-05-16 14:00,9466.5,147.893472,9361.57,0.67,409380.98,0.67,72195.68,5.16,30442.38,2.17
11,Exit Short,Long,2020-05-24 10:00,9263.0,147.8036,39442.94,2.80,448823.91,2.80,106365.29,7.54,53706.01,3.81
11,Entry Short,Short,2020-05-19 06:00,9535.5,147.8036,39442.94,2.80,448823.91,2.80,106365.29,7.54,53706.01,3.81
12,Exit Long,Short,2020-06-01 01:00,9449.5,156.407211,28291.91,1.95,477115.83,1.95,73389.56,5.06,97798.13,6.75
12,Entry Long,Long,2020-05-24 10:00,9263.0,156.407211,28291.91,1.95,477115.83,1.95,73389.56,5.06,97798.13,6.75
13,Exit Short,Long,2020-06-04 06:00,9644.0,156.31685,-31299.02,-2.12,445816.81,-2.12,24802.04,1.68,141519.09,9.58
13,Entry Short,Short,2020-06-01 01:00,9449.5,156.31685,-31299.02,-2.12,445816.81,-2.12,24802.04,1.68,141519.09,9.58
14,Exit Long,Short,2020-06-06 00:00,9677.0,149.920708,4078.40,0.28,449895.21,0.28,34347.85,2.37,28019.16,1.94
14,Entry Long,Long,2020-06-04 06:00,9644.0,149.920708,4078.40,0.28,449895.21,0.28,34347.85,2.37,28019.16,1.94
15,Exit Short,Long,2020-06-08 01:00,9741.0,149.829024,-10461.87,-0.72,439433.33,-0.72,43989.34,3.03,19987.66,1.38
15,Entry Short,Short,2020-06-06 00:00,9677.0,149.829024,-10461.87,-0.72,439433.33,-0.72,43989.34,3.03,19987.66,1.38
16,Exit Long,Short,2020-06-09 12:00,9672.0,147.771209,-11056.82,-0.77,428376.52,-0.77,19147.85,1.33,25774.59,1.79
16,Entry Long,Long,2020-06-08 01:00,9741.0,147.771209,-11056.82,-0.77,428376.52,-0.77,19147.85,1.33,25774.59,1.79
17,Exit Short,Exit Short,2020-06-13 20:00,9410.8,147.681635,37728.99,2.64,466105.50,2.64,83971.54,5.88,48129.68,3.37
17,Entry Short,Short,2020-06-09 12:00,9672.0,147.681635,37728.99,2.64,466105.50,2.64,83971.54,5.88,48129.68,3.37
18,Exit Long,Short,2020-06-21 23:00,9336.0,155.46707,-15100.37,-1.03,451005.14,-1.03,23968.63,1.63,39461.93,2.69
18,Entry Long,Long,2020-06-15 23:00,9427.5,155.46707,-15100.37,-1.03,451005.14,-1.03,23968.63,1.63,39461.93,2.69
19,Exit Short,Exit Short,2020-06-27 17:00,9083.9,155.420444,38322.65,2.64,489327.78,2.64,50542.60,3.48,69752.82,4.81
19,Entry Short,Short,2020-06-21 23:00,9336.0,155.420444,38322.65,2.64,489327.78,2.64,50542.60,3.48,69752.82,4.81
20,Exit Long,Short,2020-07-05 08:00,9059.0,162.826018,-14729.39,-0.99,474598.39,-0.99,23163.11,1.56,33744.59,2.27
20,Entry Long,Long,2020-06-29 03:00,9144.0,162.826018,-14729.39,-0.99,474598.39,-0.99,23163.11,1.56,33744.59,2.27
21,Exit Short,Long,2020-07-11 07:00,9258.5,162.777185,-33368.55,-2.26,441229.84,-2.26,23811.42,1.61,66774.08,4.53
21,Entry Short,Short,2020-07-05 08:00,9059.0,162.777185,-33368.55,-2.26,441229.84,-2.26,23811.42,1.61,66774.08,4.53
22,Exit Long,Short,2020-07-12 16:00,9215.5,155.66772,-7556.45,-0.52,433673.39,-0.52,11476.21,0.80,12652.29,0.88
22,Entry Long,Long,2020-07-11 07:00,9258.5,155.66772,-7556.45,-0.52,433673.39,-0.52,11476.21,0.80,12652.29,0.88
23,Exit Short,Long,2020-07-15 01:00,9249.5,155.571987,-6151.24,-0.43,427522.15,-0.43,15049.31,1.05,19098.74,1.33
23,Entry Short,Short,2020-07-12 16:00,9215.5,155.571987,-6151.24,-0.43,427522.15,-0.43,15049.31,1.05,19098.74,1.33
24,Exit Long,Short,2020-07-15 20:00,9188.0,154.335432,-10345.30,-0.72,417176.85,-0.72,1963.94,0.14,14009.78,0.98
24,Entry Long,Long,2020-07-15 01:00,9249.5,154.335432,-10345.30,-0.72,417176.85,-0.72,1963.94,0.14,14009.78,0.98
25,Exit Short,Long,2020-07-19 23:00,9173.0,154.242175,1464.02,0.10,418640.87,0.10,21554.36,1.52,7520.29,0.53
25,Entry Short,Short,2020-07-15 20:00,9188.0,154.242175,1464.02,0.10,418640.87,0.10,21554.36,1.52,7520.29,0.53
26,Exit Long,Exit Long,2020-08-02 05:00,12108.4,154.653847,452983.53,31.92,871624.40,31.93,453545.31,31.96,6457.09,0.46
26,Entry Long,Long,2020-07-19 23:00,9173.0,154.653847,452983.53,31.92,871624.40,31.93,453545.31,31.96,6457.09,0.46
27,Exit Short,Long,2020-08-03 19:00,11423.0,166.183771,-28384.95,-1.52,843239.45,-1.52,51869.66,2.77,35875.37,1.92
27,Entry Short,Short,2020-08-02 12:00,11259.0,166.183771,-28384.95,-1.52,843239.45,-1.52,51869.66,2.77,35875.37,1.92
28,Exit Long,Short,2020-08-09 15:00,11620.5,161.363561,30753.79,1.67,873993.24,1.67,79079.94,4.29,65824.54,3.57
28,Entry Long,Long,2020-08-03 19:00,11423.0,161.363561,30753.79,1.67,873993.24,1.67,79079.94,4.29,65824.54,3.57
29,Exit Short,Long,2020-08-13 23:00,11703.0,161.266174,-14432.85,-0.77,859560.39,-0.77,76281.13,4.07,71922.48,3.84
29,Entry Short,Short,2020-08-09 15:00,11620.5,161.266174,-14432.85,-0.77,859560.39,-0.77,76281.13,4.07,71922.48,3.84
30,Exit Long,Short,2020-08-18 21:00,11990.0,158.896753,44473.95,2.39,904034.34,2.39,126003.39,6.77,7549.33,0.41
30,Entry Long,Long,2020-08-13 23:00,11703.0,158.896753,44473.95,2.39,904034.34,2.39,126003.39,6.77,7549.33,0.41
31,Exit Short,Exit Short,2020-08-22 21:00,11592.0,158.801891,62079.69,3.26,966114.03,3.26,94551.12,4.96,16451.40,0.86
31,Entry Short,Short,2020-08-18 21:00,11990.0,158.801891,62079.69,3.26,966114.03,3.26,94551.12,4.96,16451.40,0.86
32,Exit Long,Exit Long,2020-09-03 13:00,10741.4,168.346055,-158384.19,-8.06,807729.84,-8.06,65149.48,3.31,157841.71,8.03
32,Entry Long,Long,2020-08-23 22:00,11675.5,168.346055,-158384.19,-8.06,807729.84,-8.06,65149.48,3.31,157841.71,8.03
33,Exit Long,Short,2020-09-08 11:00,10025.0,175.013333,-53747.52,-2.97,753982.32,-2.97,6895.91,0.38,53308.68,2.95
33,Entry Long,Long,2020-09-08 02:00,10326.0,175.013333,-53747.52,-2.97,753982.32,-2.97,6895.91,0.38,53308.68,2.95
34,Exit Short,Long,2020-09-09 15:00,10213.0,174.960845,-33954.90,-1.94,720027.42,-1.94,32191.48,1.83,44878.77,2.56
34,Entry Short,Short,2020-09-08 11:00,10025.0,174.960845,-33954.90,-1.94,720027.42,-1.94,32191.48,1.83,44878.77,2.56
35,Exit Long,Exit Long,2020-10-10 03:00,11336.5,168.417455,188128.22,10.93,908155.64,10.94,188701.00,10.97,12810.49,0.74
35,Entry Long,Long,2020-09-09 15:00,10213.0,168.417455,188128.22,10.93,908155.64,10.94,188701.00,10.97,12810.49,0.74
36,Exit Short,Long,2020-10-14 15:00,11532.0,167.309859,-22985.04,-1.20,885170.60,-1.20,6287.43,0.33,25334.13,1.33
36,Entry Short,Short,2020-10-13 21:00,11401.5,167.309859,-22985.04,-1.20,885170.60,-1.20,6287.43,0.33,25334.13,1.33
37,Exit Long,Short,2020-10-14 17:00,11322.5,163.474147,-35368.67,-1.88,849801.93,-1.88,0,0.00,39308.93,2.08
37,Entry Long,Long,2020-10-14 15:00,11532.0,163.474147,-35368.67,-1.88,849801.93,-1.88,0,0.00,39308.93,2.08
38,Exit Short,Long,2020-10-15 20:00,11468.0,163.374014,-24887.93,-1.35,824914.00,-1.35,9655.94,0.52,26122.97,1.41
38,Entry Short,Short,2020-10-14 17:00,11322.5,163.374014,-24887.93,-1.35,824914.00,-1.35,9655.94,0.52,26122.97,1.41
39,Exit Long,Short,2020-10-16 08:00,11326.0,159.132245,-23684.96,-1.30,801229.04,-1.30,22367.56,1.23,42637.96,2.34
39,Entry Long,Long,2020-10-15 20:00,11468.0,159.132245,-23684.96,-1.30,801229.04,-1.30,22367.56,1.23,42637.96,2.34
40,Exit Short,Long,2020-10-18 04:00,11375.5,159.034908,-8955.33,-0.50,792273.72,-0.50,14567.95,0.81,14058.34,0.78
40,Entry Short,Short,2020-10-16 08:00,11326.0,159.034908,-8955.33,-0.50,792273.72,-0.50,14567.95,0.81,14058.34,0.78
41,Exit Long,Short,2020-10-26 19:00,12956.0,157.556042,247867.25,13.83,1040140.97,13.83,312132.28,17.41,2034.47,0.11
41,Entry Long,Long,2020-10-18 04:00,11375.5,157.556042,247867.25,13.83,1040140.97,13.83,312132.28,17.41,2034.47,0.11
42,Exit Short,Exit Short,2020-10-26 19:00,12956.0,157.466912,-1224.08,-0.06,1038916.88,-0.06,0,0.00,612.04,0.03
42,Entry Short,Short,2020-10-26 19:00,12956.0,157.466912,-1224.08,-0.06,1038916.88,-0.06,0,0.00,612.04,0.03
43,Exit Short,Long,2020-10-29 17:00,13534.5,155.045479,-61398.68,-3.01,977518.21,-3.01,25978.81,1.27,69684.25,3.42
43,Entry Short,Short,2020-10-28 17:00,13146.5,155.045479,-61398.68,-3.01,977518.21,-3.01,25978.81,1.27,69684.25,3.42
44,Exit Long,Short,2020-10-30 09:00,13237.0,146.112119,-44641.85,-2.26,932876.36,-2.26,16501.85,0.83,62033.41,3.14
44,Entry Long,Long,2020-10-29 17:00,13534.5,146.112119,-44641.85,-2.26,932876.36,-2.26,16501.85,0.83,62033.41,3.14
45,Exit Short,Long,2020-10-30 16:00,13532.5,146.020754,-44321.80,-2.29,888554.56,-2.29,12269.96,0.63,44313.08,2.29
45,Entry Short,Short,2020-10-30 09:00,13237.0,146.020754,-44321.80,-2.29,888554.56,-2.29,12269.96,0.63,44313.08,2.29
46,Exit Long,Short,2020-11-09 18:00,15225.5,139.558898,235069.18,12.44,1123623.74,12.45,340445.59,18.02,45993.00,2.43
46,Entry Long,Long,2020-10-30 16:00,13532.5,139.558898,235069.18,12.44,1123623.74,12.45,340445.59,18.02,45993.00,2.43
47,Exit Short,Exit Short,2020-11-09 18:00,15225.5,139.478119,-1274.17,-0.06,1122349.57,-0.06,0,0.00,637.09,0.03
47,Entry Short,Short,2020-11-09 18:00,15225.5,139.478119,-1274.17,-0.06,1122349.57,-0.06,0,0.00,637.09,0.03
48,Exit Long,Short,2020-11-22 11:00,18212.5,132.119873,283161.76,13.34,1405511.33,13.34,385483.81,18.16,38951.28,1.84
48,Entry Long,Long,2020-11-15 10:00,16059.0,132.119873,283161.76,13.34,1405511.33,13.34,385483.81,18.16,38951.28,1.84
49,Exit Short,Exit Short,2020-11-22 11:00,18212.5,132.080249,-1443.31,-0.06,1404068.02,-0.06,0,0.00,721.65,0.03
49,Entry Short,Short,2020-11-22 11:00,18212.5,132.080249,-1443.31,-0.06,1404068.02,-0.06,0,0.00,721.65,0.03
50,Exit Long,Short,2020-11-23 20:00,18467.0,129.309535,-16825.23,-0.70,1387242.80,-0.70,27468.47,1.14,70677.46,2.94
50,Entry Long,Long,2020-11-22 21:00,18586.0,129.309535,-16825.23,-0.70,1387242.80,-0.70,27468.47,1.14,70677.46,2.94
51,Exit Short,Long,2020-12-05 18:00,19123.5,129.270753,-86324.06,-3.61,1300918.74,-3.62,292082.08,12.23,192166.16,8.05
51,Entry Short,Short,2020-11-23 20:00,18467.0,129.270753,-86324.06,-3.61,1300918.74,-3.62,292082.08,12.23,192166.16,8.05
52,Exit Long,Short,2020-12-06 14:00,18949.0,120.321598,-22370.40,-0.97,1278548.34,-0.97,25599.98,1.11,31673.10,1.38
52,Entry Long,Long,2020-12-05 18:00,19123.5,120.321598,-22370.40,-0.97,1278548.34,-0.97,25599.98,1.11,31673.10,1.38
53,Exit Short,Long,2020-12-12 05:00,18362.0,120.246385,69238.67,3.04,1347787.01,3.04,165496.94,7.26,58642.32,2.57
53,Entry Short,Short,2020-12-06 14:00,18949.0,120.246385,69238.67,3.04,1347787.01,3.04,165496.94,7.26,58642.32,2.57
54,Exit Long,Exit Long,2020-12-19 16:00,24237.9,127.858897,749652.06,31.92,2097439.07,31.93,750581.77,31.96,11316.61,0.48
54,Entry Long,Long,2020-12-12 05:00,18362.0,127.858897,749652.06,31.92,2097439.07,31.93,750581.77,31.96,11316.61,0.48
55,Exit Long,Short,2020-12-24 01:00,23049.0,132.539062,-43462.69,-1.40,2053976.39,-1.40,108945.93,3.52,101261.02,3.27
55,Entry Long,Long,2020-12-22 17:00,23363.0,132.539062,-43462.69,-1.40,2053976.39,-1.40,108945.93,3.52,101261.02,3.27
56,Exit Short,Long,2020-12-24 21:00,23530.5,132.499312,-65649.94,-2.15,1988326.44,-2.15,44994.82,1.47,69484.59,2.27
56,Entry Short,Short,2020-12-24 01:00,23049.0,132.499312,-65649.94,-2.15,1988326.44,-2.15,44994.82,1.47,69484.59,2.27
57,Exit Long,Exit Long,2021-01-02 13:00,31060.3,126.99965,954202.06,31.92,2942528.50,31.93,955385.45,31.96,20390.96,0.68
57,Entry Long,Long,2020-12-24 21:00,23530.5,126.99965,954202.06,31.92,2942528.50,31.93,955385.45,31.96,20390.96,0.68
58,Exit Long,Short,2021-01-10 17:00,39295.0,121.440335,828037.89,21.00,3770566.39,21.00,1170109.63,29.68,25470.47,0.65
58,Entry Long,Long,2021-01-05 17:00,32455.0,121.440335,828037.89,21.00,3770566.39,21.00,1170109.63,29.68,25470.47,0.65
59,Exit Short,Exit Short,2021-01-10 17:00,39295.0,121.403914,-2862.34,-0.06,3767704.05,-0.06,0,0.00,1431.17,0.03
59,Entry Short,Short,2021-01-10 17:00,39295.0,121.403914,-2862.34,-0.06,3767704.05,-0.06,0,0.00,1431.17,0.03
60,Exit Long,Short,2021-01-15 17:00,36135.5,132.26424,10296.58,0.22,3778000.63,0.22,532917.65,11.18,202934.45,4.26
60,Entry Long,Long,2021-01-13 20:00,36036.0,132.26424,10296.58,0.22,3778000.63,0.22,532917.65,11.18,202934.45,4.26
61,Exit Short,Long,2021-01-16 15:00,37246.5,132.224573,-149812.37,-3.13,3628188.26,-3.14,176276.43,3.69,246974.43,5.17
61,Entry Short,Short,2021-01-15 17:00,36135.5,132.224573,-149812.37,-3.13,3628188.26,-3.14,176276.43,3.69,246974.43,5.17
62,Exit Long,Exit Long,2021-01-17 09:00,34266.7,124.260729,-372938.00,-8.06,3255250.25,-8.06,62543.66,1.35,371660.60,8.03
62,Entry Long,Long,2021-01-16 15:00,37246.5,124.260729,-372938.00,-8.06,3255250.25,-8.06,62543.66,1.35,371660.60,8.03
63,Exit Long,Short,2021-01-20 02:00,36181.5,114.714938,-105936.88,-2.49,3149313.38,-2.49,94740.21,2.23,184705.38,4.34
63,Entry Long,Long,2021-01-18 13:00,37083.0,114.714938,-105936.88,-2.49,3149313.38,-2.49,94740.21,2.23,184705.38,4.34
64,Exit Short,Long,2021-01-24 09:00,32659.0,114.680534,401593.78,9.68,3550907.16,9.68,832253.33,20.05,1244.79,0.03
64,Entry Short,Short,2021-01-20 02:00,36181.5,114.680534,401593.78,9.68,3550907.16,9.68,832253.33,20.05,1244.79,0.03
65,Exit Long,Exit Long,2021-01-24 09:00,32659.0,139.33879,-2730.40,-0.06,3548176.76,-0.06,0,0.00,1365.20,0.03
65,Entry Long,Long,2021-01-24 09:00,32659.0,139.33879,-2730.40,-0.06,3548176.76,-0.06,0,0.00,1365.20,0.03
66,Exit Short,Long,2021-01-28 16:00,31916.0,140.52239,59190.60,1.30,3607367.35,1.30,431936.75,9.50,77035.35,1.69
66,Entry Short,Short,2021-01-26 03:00,32356.5,140.52239,59190.60,1.30,3607367.35,1.30,431936.75,9.50,77035.35,1.69
67,Exit Long,Short,2021-02-07 16:00,37951.0,144.358021,868174.90,18.84,4475542.25,18.84,1302748.16,28.27,39131.82,0.85
67,Entry Long,Long,2021-01-28 16:00,31916.0,144.358021,868174.90,18.84,4475542.25,18.84,1302748.16,28.27,39131.82,0.85
68,Exit Short,Exit Short,2021-02-07 16:00,37951.0,144.279285,-3285.33,-0.06,4472256.93,-0.06,0,0.00,1642.66,0.03
68,Entry Short,Short,2021-02-07 16:00,37951.0,144.279285,-3285.33,-0.06,4472256.93,-0.06,0,0.00,1642.66,0.03
69,Exit Long,Short,2021-02-11 02:00,44249.5,139.236847,687055.61,12.56,5159312.54,12.56,1242161.57,22.70,52462.63,0.96
69,Entry Long,Long,2021-02-08 08:00,39290.0,139.236847,687055.61,12.56,5159312.54,12.56,1242161.57,22.70,52462.63,0.96
70,Exit Short,Exit Short,2021-02-11 02:00,44249.5,139.195089,-3695.59,-0.06,5155616.95,-0.06,0,0.00,1847.79,0.03
70,Entry Short,Short,2021-02-11 02:00,44249.5,139.195089,-3695.59,-0.06,5155616.95,-0.06,0,0.00,1847.79,0.03
71,Exit Long,Short,2021-02-13 20:00,46904.0,135.185317,183212.94,2.98,5338829.89,2.98,492729.35,8.00,18473.93,0.30
71,Entry Long,Long,2021-02-11 10:00,45521.0,135.185317,183212.94,2.98,5338829.89,2.98,492729.35,8.00,18473.93,0.30
72,Exit Short,Long,2021-02-15 17:00,48488.0,135.144773,-217936.84,-3.44,5120893.05,-3.44,159123.35,2.51,397875.83,6.27
72,Entry Short,Short,2021-02-13 20:00,46904.0,135.144773,-217936.84,-3.44,5120893.05,-3.44,159123.35,2.51,397875.83,6.27
73,Exit Long,Short,2021-02-22 10:00,54895.5,126.237885,804953.97,13.15,5925847.03,13.15,1249307.37,20.40,171941.86,2.81
73,Entry Long,Long,2021-02-15 17:00,48488.0,126.237885,804953.97,13.15,5925847.03,13.15,1249307.37,20.40,171941.86,2.81
74,Exit Short,Exit Short,2021-02-22 10:00,54895.5,126.164225,-4155.51,-0.06,5921691.52,-0.06,0,0.00,2077.75,0.03
74,Entry Short,Short,2021-02-22 10:00,54895.5,126.164225,-4155.51,-0.06,5921691.52,-0.06,0,0.00,2077.75,0.03
75,Exit Long,Short,2021-02-25 19:00,49624.0,134.66217,-241220.71,-3.48,5680470.81,-3.48,18123.44,0.26,281163.23,4.06
75,Entry Long,Long,2021-02-25 14:00,51385.0,134.66217,-241220.71,-3.48,5680470.81,-3.48,18123.44,0.26,281163.23,4.06
76,Exit Short,Long,2021-03-01 09:00,47014.0,134.621784,347459.98,5.20,6027930.79,5.20,878960.81,13.15,58006.80,0.87
76,Entry Short,Short,2021-02-25 19:00,49624.0,134.621784,347459.98,5.20,6027930.79,5.20,878960.81,13.15,58006.80,0.87
77,Exit Long,Short,2021-03-04 18:00,48595.0,149.481456,232042.65,3.30,6259973.44,3.30,836183.69,11.89,23633.65,0.34
77,Entry Long,Long,2021-03-01 09:00,47014.0,149.481456,232042.65,3.30,6259973.44,3.30,836183.69,11.89,23633.65,0.34
78,Exit Short,Long,2021-03-05 23:00,49100.0,149.397564,-79824.39,-1.10,6180149.05,-1.10,324106.29,4.46,131855.08,1.82
78,Entry Short,Short,2021-03-04 18:00,48595.0,149.397564,-79824.39,-1.10,6180149.05,-1.10,324106.29,4.46,131855.08,1.82
79,Exit Long,Short,2021-03-21 04:00,57890.0,146.236163,1280722.13,17.83,7460871.18,17.84,1875445.16,26.11,284389.85,3.96
79,Entry Long,Long,2021-03-05 23:00,49100.0,146.236163,1280722.13,17.83,7460871.18,17.84,1875445.16,26.11,284389.85,3.96
80,Exit Short,Exit Short,2021-03-21 04:00,57890.0,146.154303,-5076.52,-0.06,7455794.66,-0.06,0,0.00,2538.26,0.03
80,Entry Short,Short,2021-03-21 04:00,57890.0,146.154303,-5076.52,-0.06,7455794.66,-0.06,0,0.00,2538.26,0.03
81,Exit Long,Short,2021-03-24 21:00,54088.5,149.402332,-377270.87,-4.46,7078523.79,-4.46,82548.65,0.98,504229.01,5.96
81,Entry Long,Long,2021-03-24 12:00,56580.5,149.402332,-377270.87,-4.46,7078523.79,-4.46,82548.65,0.98,504229.01,5.96
82,Exit Short,Long,2021-03-26 18:00,53810.0,149.357525,36761.43,0.45,7115285.22,0.46,532948.49,6.60,28934.52,0.36
82,Entry Short,Short,2021-03-24 21:00,54088.5,149.357525,36761.43,0.45,7115285.22,0.46,532948.49,6.60,28934.52,0.36
83,Exit Long,Short,2021-04-06 18:00,58150.5,150.813263,649539.43,8.00,7764824.65,8.00,976343.50,12.03,55219.22,0.68
83,Entry Long,Long,2021-03-26 18:00,53810.0,150.813263,649539.43,8.00,7764824.65,8.00,976343.50,12.03,55219.22,0.68
84,Exit Short,Long,2021-04-08 19:00,57700.0,150.726582,62663.80,0.71,7827488.45,0.71,391595.93,4.47,73395.58,0.84
84,Entry Short,Short,2021-04-06 18:00,58150.5,150.726582,62663.80,0.71,7827488.45,0.71,391595.93,4.47,73395.58,0.84
85,Exit Long,Short,2021-04-16 07:00,61951.5,152.988722,644939.95,7.30,8472428.40,7.31,1105525.57,12.52,37147.19,0.42
85,Entry Long,Long,2021-04-08 19:00,57700.0,152.988722,644939.95,7.30,8472428.40,7.31,1105525.57,12.52,37147.19,0.42
86,Exit Short,Exit Short,2021-04-23 09:00,47702.6,152.900737,2173637.45,22.94,10646065.86,22.95,2175825.58,22.96,85484.58,0.90
86,Entry Short,Short,2021-04-16 07:00,61951.5,152.900737,2173637.45,22.94,10646065.86,22.95,2175825.58,22.96,85484.58,0.90
87,Exit Short,Long,2021-04-30 10:00,54497.5,216.533497,-164994.12,-1.42,10481071.74,-1.42,295539.99,2.54,188087.58,1.62
87,Entry Short,Short,2021-04-29 16:00,53768.0,216.533497,-164994.12,-1.42,10481071.74,-1.42,295539.99,2.54,188087.58,1.62
88,Exit Long,Short,2021-05-07 02:00,56400.5,210.673288,393902.29,3.43,10874974.03,3.43,944269.44,8.22,333674.73,2.91
88,Entry Long,Long,2021-04-30 10:00,54497.5,210.673288,393902.29,3.43,10874974.03,3.43,944269.44,8.22,333674.73,2.91
89,Exit Short,Long,2021-05-07 15:00,56990.5,210.547356,-131385.19,-1.11,10743588.84,-1.11,225828.85,1.90,267273.06,2.25
89,Entry Short,Short,2021-05-07 02:00,56400.5,210.547356,-131385.19,-1.11,10743588.84,-1.11,225828.85,1.90,267273.06,2.25
90,Exit Long,Short,2021-05-09 15:00,57322.0,206.063563,61243.38,0.52,10804832.22,0.52,518951.06,4.42,130355.22,1.11
90,Entry Long,Long,2021-05-07 15:00,56990.5,206.063563,61243.38,0.52,10804832.22,0.52,518951.06,4.42,130355.22,1.11
91,Exit Short,Long,2021-05-10 02:00,58877.0,205.938982,-327414.09,-2.77,10477418.13,-2.77,47325.48,0.40,323776.57,2.74
91,Entry Short,Short,2021-05-09 15:00,57322.0,205.938982,-327414.09,-2.77,10477418.13,-2.77,47325.48,0.40,323776.57,2.74
92,Exit Long,Short,2021-05-10 16:00,56965.0,194.942207,-379504.25,-3.31,10097913.88,-3.31,134770.74,1.17,376172.78,3.28
92,Entry Long,Long,2021-05-10 02:00,58877.0,194.942207,-379504.25,-3.31,10097913.88,-3.31,134770.74,1.17,376172.78,3.28
93,Exit Short,Long,2021-05-12 05:00,57732.5,194.819906,-156227.88,-1.41,9941686.00,-1.41,687014.96,6.19,337445.51,3.04
93,Entry Short,Short,2021-05-10 16:00,56965.0,194.819906,-156227.88,-1.41,9941686.00,-1.41,687014.96,6.19,337445.51,3.04
94,Exit Long,Short,2021-05-12 14:00,56383.0,189.525443,-262252.92,-2.40,9679433.07,-2.40,34053.98,0.31,316473.33,2.89
94,Entry Long,Long,2021-05-12 05:00,57732.5,189.525443,-262252.92,-2.40,9679433.07,-2.40,34053.98,0.31,316473.33,2.89
95,Exit Short,Exit Short,2021-05-17 04:00,43414.9,189.408776,2450601.17,22.94,12130034.24,22.95,2453068.12,22.96,102264.62,0.96
95,Entry Short,Short,2021-05-12 14:00,56383.0,189.408776,2450601.17,22.94,12130034.24,22.95,2453068.12,22.96,102264.62,0.96
96,Exit Long,Short,2021-05-21 07:00,39820.0,314.997334,-590603.35,-4.50,11539430.89,-4.50,34649.34,0.26,665747.23,5.07
96,Entry Long,Long,2021-05-21 02:00,41670.5,314.997334,-590603.35,-4.50,11539430.89,-4.50,34649.34,0.26,665747.23,5.07
97,Exit Short,Long,2021-05-30 22:00,36066.0,314.902863,1174976.33,9.37,12714407.22,9.37,2752110.58,21.94,591528.02,4.72
97,Entry Short,Short,2021-05-21 07:00,39820.0,314.902863,1174976.33,9.37,12714407.22,9.37,2752110.58,21.94,591528.02,4.72
98,Exit Long,Exit Long,2021-05-30 22:00,36066.0,380.239014,-8228.22,-0.06,12706179.00,-0.06,0,0.00,4114.11,0.03
98,Entry Long,Long,2021-05-30 22:00,36066.0,380.239014,-8228.22,-0.06,12706179.00,-0.06,0,0.00,4114.11,0.03
99,Exit Long,Short,2021-06-01 21:00,35958.5,372.040575,-332171.37,-2.42,12374007.63,-2.42,380765.35,2.78,461534.51,3.37
99,Entry Long,Long,2021-05-31 12:00,36829.5,372.040575,-332171.37,-2.42,12374007.63,-2.42,380765.35,2.78,461534.51,3.37
100,Exit Short,Long,2021-06-05 09:00,37583.5,371.928996,-612590.34,-4.58,11761417.29,-4.58,128952.41,0.96,1298883.00,9.71
100,Entry Short,Short,2021-06-01 21:00,35958.5,371.928996,-612590.34,-4.58,11761417.29,-4.58,128952.41,0.96,1298883.00,9.71
101,Exit Long,Exit Long,2021-06-07 21:00,34576.8,339.558111,-1028300.16,-8.06,10733117.14,-8.06,74439.61,0.58,1024777.91,8.03
101,Entry Long,Long,2021-06-05 09:00,37583.5,339.558111,-1028300.16,-8.06,10733117.14,-8.06,74439.61,0.58,1024777.91,8.03
102,Exit Long,Short,2021-06-12 05:00,35599.5,336.573838,245148.65,2.09,10978265.79,2.09,1204949.49,10.27,102808.16,0.88
102,Entry Long,Long,2021-06-09 14:00,34850.0,336.573838,245148.65,2.09,10978265.79,2.09,1204949.49,10.27,102808.16,0.88
103,Exit Short,Exit Short,2021-06-14 14:00,39871.5,336.472896,-1445030.40,-12.06,9533235.40,-12.06,322616.99,2.69,1441005.69,12.03
103,Entry Short,Short,2021-06-12 05:00,35599.5,336.472896,-1445030.40,-12.06,9533235.40,-12.06,322616.99,2.69,1441005.69,12.03
104,Exit Long,Short,2021-06-24 03:00,32650.0,310.095748,-411646.60,-3.91,9121588.79,-3.91,256391.12,2.43,435122.40,4.13
104,Entry Long,Long,2021-06-23 05:00,33957.5,310.095748,-411646.60,-3.91,9121588.79,-3.91,256391.12,2.43,435122.40,4.13
105,Exit Short,Long,2021-06-24 14:00,34041.0,310.002747,-437416.14,-4.32,8684172.66,-4.32,96009.40,0.95,491290.80,4.85
105,Entry Short,Short,2021-06-24 03:00,32650.0,310.002747,-437416.14,-4.32,8684172.66,-4.32,96009.40,0.95,491290.80,4.85
106,Exit Long,Exit Long,2021-06-25 23:00,31317.7,284.493204,-780338.57,-8.06,7903834.08,-8.06,402497.49,4.15,777665.67,8.03
106,Entry Long,Long,2021-06-24 14:00,34041.0,284.493204,-780338.57,-8.06,7903834.08,-8.06,402497.49,4.15,777665.67,8.03
107,Exit Long,Short,2021-06-30 16:00,34603.5,268.876717,397450.19,4.46,8301284.27,4.46,929794.11,10.44,208629.91,2.34
107,Entry Long,Long,2021-06-27 06:00,33105.0,268.876717,397450.19,4.46,8301284.27,4.46,929794.11,10.44,208629.91,2.34
108,Exit Short,Long,2021-07-06 09:00,34860.0,268.796078,-74547.65,-0.80,8226736.62,-0.80,510206.93,5.48,362036.34,3.89
108,Entry Short,Short,2021-06-30 16:00,34603.5,268.796078,-74547.65,-0.80,8226736.62,-0.80,510206.93,5.48,362036.34,3.89
109,Exit Long,Short,2021-07-08 01:00,33878.5,264.680999,-265242.53,-2.87,7961494.09,-2.87,50565.19,0.55,359558.02,3.90
109,Entry Long,Long,2021-07-06 09:00,34860.0,264.680999,-265242.53,-2.87,7961494.09,-2.87,50565.19,0.55,359558.02,3.90
110,Exit Short,Long,2021-07-09 22:00,33510.0,264.518669,92127.47,1.03,8053621.56,1.03,470667.71,5.25,18295.05,0.20
110,Entry Short,Short,2021-07-08 01:00,33878.5,264.518669,92127.47,1.03,8053621.56,1.03,470667.71,5.25,18295.05,0.20
111,Exit Long,Short,2021-07-12 16:00,33444.0,270.175013,-23258.34,-0.26,8030363.22,-0.26,297178.20,3.28,137803.58,1.52
111,Entry Long,Long,2021-07-09 22:00,33510.0,270.175013,-23258.34,-0.26,8030363.22,-0.26,297178.20,3.28,137803.58,1.52
112,Exit Short,Long,2021-07-18 03:00,32177.5,270.014496,336657.73,3.73,8367020.96,3.73,642085.51,7.11,22555.17,0.25
112,Entry Short,Short,2021-07-12 16:00,33444.0,270.014496,336657.73,3.73,8367020.96,3.73,642085.51,7.11,22555.17,0.25
113,Exit Long,Exit Long,2021-07-20 04:00,29603.3,291.098358,-754740.68,-8.06,7612280.28,-8.06,17275.74,0.18,752155.44,8.03
113,Entry Long,Long,2021-07-18 03:00,32177.5,291.098358,-754740.68,-8.06,7612280.28,-8.06,17275.74,0.18,752155.44,8.03
114,Exit Short,Exit Short,2021-08-07 04:00,43495.2,221.69943,-1038639.45,-12.06,6573640.82,-12.06,341938.01,3.97,1035746.59,12.03
114,Entry Short,Short,2021-07-30 12:00,38835.0,221.69943,-1038639.45,-12.06,6573640.82,-12.06,341938.01,3.97,1035746.59,12.03
115,Exit Short,Long,2021-08-16 00:00,47205.5,167.258395,-328786.84,-4.34,6244853.99,-4.34,241507.70,3.19,506220.95,6.68
115,Entry Short,Short,2021-08-12 10:00,45267.5,167.258395,-328786.84,-4.34,6244853.99,-4.34,241507.70,3.19,506220.95,6.68
116,Exit Long,Short,2021-08-16 20:00,46500.5,153.478919,-112517.21,-1.55,6132336.78,-1.55,172101.80,2.37,194866.30,2.69
116,Entry Long,Long,2021-08-16 00:00,47205.5,153.478919,-112517.21,-1.55,6132336.78,-1.55,172101.80,2.37,194866.30,2.69
117,Exit Short,Long,2021-08-26 01:00,48965.5,153.381966,-382479.38,-5.36,5749857.41,-5.36,381391.90,5.35,614057.05,8.61
117,Entry Short,Short,2021-08-16 20:00,46500.5,153.381966,-382479.38,-5.36,5749857.41,-5.36,381391.90,5.35,614057.05,8.61
118,Exit Long,Short,2021-08-29 15:00,48371.0,137.853907,-85979.61,-1.27,5663877.79,-1.27,100676.14,1.49,369474.61,5.47
118,Entry Long,Long,2021-08-26 01:00,48965.5,137.853907,-85979.61,-1.27,5663877.79,-1.27,100676.14,1.49,369474.61,5.47
119,Exit Short,Long,2021-09-12 14:00,45981.5,137.765997,325292.28,4.88,5989170.07,4.88,830245.22,12.46,620155.19,9.30
119,Entry Short,Short,2021-08-29 15:00,48371.0,137.765997,325292.28,4.88,5989170.07,4.88,830245.22,12.46,620155.19,9.30
120,Exit Long,Short,2021-09-12 22:00,45119.5,151.995341,-135174.06,-1.93,5853996.01,-1.93,38486.06,0.55,144516.33,2.07
120,Entry Long,Long,2021-09-12 14:00,45981.5,151.995341,-135174.06,-1.93,5853996.01,-1.93,38486.06,0.55,144516.33,2.07
121,Exit Short,Long,2021-09-13 01:00,46027.5,151.907649,-142085.92,-2.07,5711910.09,-2.07,31287.53,0.46,205688.40,3.00
121,Entry Short,Short,2021-09-12 22:00,45119.5,151.907649,-142085.92,-2.07,5711910.09,-2.07,31287.53,0.46,205688.40,3.00
122,Exit Long,Short,2021-09-13 03:00,45215.0,145.825736,-122475.06,-1.82,5589435.03,-1.82,30432.63,0.45,129902.77,1.93
122,Entry Long,Long,2021-09-13 01:00,46027.5,145.825736,-122475.06,-1.82,5589435.03,-1.82,30432.63,0.45,129902.77,1.93
123,Exit Short,Long,2021-09-14 09:00,45700.0,145.735624,-74656.64,-1.13,5514778.38,-1.13,291753.32,4.43,247541.36,3.76
123,Entry Short,Short,2021-09-13 03:00,45215.0,145.735624,-74656.64,-1.13,5514778.38,-1.13,291753.32,4.43,247541.36,3.76
124,Exit Long,Short,2021-09-17 20:00,47195.0,142.556279,209148.81,3.21,5723927.19,3.21,389647.65,5.98,5518.35,0.08
124,Entry Long,Long,2021-09-14 09:00,45700.0,142.556279,209148.81,3.21,5723927.19,3.21,389647.65,5.98,5518.35,0.08
125,Exit Short,Long,2021-09-18 05:00,47895.0,142.471202,-103794.12,-1.54,5620133.07,-1.54,51195.82,0.76,106662.28,1.59
125,Entry Short,Short,2021-09-17 20:00,47195.0,142.471202,-103794.12,-1.54,5620133.07,-1.54,51195.82,0.76,106662.28,1.59
126,Exit Long,Short,2021-09-19 14:00,47295.0,138.223073,-86881.08,-1.31,5533251.99,-1.31,123105.82,1.86,111873.40,1.69
126,Entry Long,Long,2021-09-18 05:00,47895.0,138.223073,-86881.08,-1.31,5533251.99,-1.31,123105.82,1.86,111873.40,1.69
127,Exit Short,Long,2021-09-23 02:00,43180.5,138.138348,564620.79,8.64,6097872.78,8.64,1072065.68,16.40,69924.04,1.07
127,Entry Short,Short,2021-09-19 14:00,47295.0,138.138348,564620.79,8.64,6097872.78,8.64,1072065.68,16.40,69924.04,1.07
128,Exit Long,Exit Long,2021-09-23 02:00,43180.5,164.368939,-4258.52,-0.06,6093614.27,-0.06,0,0.00,2129.26,0.03
128,Entry Long,Long,2021-09-23 02:00,43180.5,164.368939,-4258.52,-0.06,6093614.27,-0.06,0,0.00,2129.26,0.03
129,Exit Long,Exit Long,2021-10-11 14:00,57142.8,163.813509,2264340.10,31.92,8357954.37,31.92,2267148.33,31.96,421735.75,5.95
129,Entry Long,Long,2021-09-26 16:00,43290.0,163.813509,2264340.10,31.92,8357954.37,31.92,2267148.33,31.96,421735.75,5.95
130,Exit Long,Short,2021-11-01 21:00,60735.5,164.249307,614816.73,6.57,8972771.10,6.57,1681241.60,17.97,60786.55,0.65
130,Entry Long,Long,2021-10-13 20:00,56957.0,164.249307,614816.73,6.57,8972771.10,6.57,1681241.60,17.97,60786.55,0.65
131,Exit Short,Long,2021-11-02 06:00,61809.5,164.200047,-182387.42,-1.83,8790383.68,-1.83,43066.28,0.43,183037.18,1.83
131,Entry Short,Short,2021-11-01 21:00,60735.5,164.200047,-182387.42,-1.83,8790383.68,-1.83,43066.28,0.43,183037.18,1.83
132,Exit Long,Short,2021-11-04 08:00,61865.5,158.397839,2993.32,0.03,8793377.01,0.03,384979.16,3.93,277361.40,2.83
132,Entry Long,Long,2021-11-02 06:00,61809.5,158.397839,2993.32,0.03,8793377.01,0.03,384979.16,3.93,277361.40,2.83
133,Exit Short,Long,2021-11-07 02:00,61869.0,158.301133,-6430.25,-0.07,8786946.76,-0.07,268627.58,2.74,126096.30,1.29
133,Entry Short,Short,2021-11-04 08:00,61865.5,158.301133,-6430.25,-0.07,8786946.76,-0.07,268627.58,2.74,126096.30,1.29
134,Exit Long,Short,2021-11-10 23:00,65137.0,158.18825,510931.94,5.22,9297878.70,5.22,1147013.40,11.72,60991.17,0.62
134,Entry Long,Long,2021-11-07 02:00,61869.0,158.18825,510931.94,5.22,9297878.70,5.22,1147013.40,11.72,60991.17,0.62
135,Exit Short,Long,2021-11-14 02:00,64781.5,158.095713,50041.16,0.49,9347919.86,0.49,437523.39,4.25,75339.10,0.73
135,Entry Short,Short,2021-11-10 23:00,65137.0,158.095713,50041.16,0.49,9347919.86,0.49,437523.39,4.25,75339.10,0.73
136,Exit Long,Short,2021-11-14 17:00,63774.0,159.735233,-167093.70,-1.61,9180826.16,-1.61,63744.83,0.62,183844.78,1.78
136,Entry Long,Long,2021-11-14 02:00,64781.5,159.735233,-167093.70,-1.61,9180826.16,-1.61,63744.83,0.62,183844.78,1.78
137,Exit Short,Long,2021-11-20 09:00,58500.0,159.639163,836081.03,8.21,10016907.19,8.21,1291379.90,12.68,419552.82,4.12
137,Entry Short,Short,2021-11-14 17:00,63774.0,159.639163,836081.03,8.21,10016907.19,8.21,1291379.90,12.68,419552.82,4.12
138,Exit Long,Exit Long,2021-11-20 09:00,58500.0,188.314597,-6609.84,-0.06,10010297.35,-0.06,0,0.00,3304.92,0.03
138,Entry Long,Long,2021-11-20 09:00,58500.0,188.314597,-6609.84,-0.06,10010297.35,-0.06,0,0.00,3304.92,0.03
139,Exit Short,Long,2021-11-24 01:00,57532.5,190.942835,14978.82,0.14,10025276.16,0.14,444554.32,4.04,461946.79,4.20
139,Entry Short,Short,2021-11-20 16:00,57645.5,190.942835,14978.82,0.14,10025276.16,0.14,444554.32,4.04,461946.79,4.20
140,Exit Long,Short,2021-12-02 04:00,56369.0,191.635409,-229516.07,-2.08,9795760.10,-2.08,362332.78,3.29,848515.55,7.69
140,Entry Long,Long,2021-11-24 01:00,57532.5,191.635409,-229516.07,-2.08,9795760.10,-2.08,362332.78,3.29,848515.55,7.69
141,Exit Short,Exit Short,2021-12-04 05:00,43404.1,191.519488,2477298.46,22.94,12273058.56,22.95,2479792.28,22.96,256235.97,2.37
141,Entry Short,Short,2021-12-02 04:00,56369.0,191.519488,2477298.46,22.94,12273058.56,22.95,2479792.28,22.96,256235.97,2.37
142,Exit Long,Short,2021-12-13 10:00,48839.5,263.160482,-424287.97,-3.20,11848770.59,-3.20,391154.74,2.95,970306.01,7.31
142,Entry Long,Long,2021-12-07 00:00,50422.0,263.160482,-424287.97,-3.20,11848770.59,-3.20,391154.74,2.95,970306.01,7.31
143,Exit Short,Long,2021-12-15 04:00,48251.5,263.081557,147029.10,1.14,11995799.69,1.14,874180.06,6.80,39896.80,0.31
143,Entry Short,Short,2021-12-13 10:00,48839.5,263.081557,147029.10,1.14,11995799.69,1.14,874180.06,6.80,39896.80,0.31
144,Exit Long,Short,2021-12-16 23:00,47805.5,269.33275,-127883.80,-0.98,11867915.89,-0.98,333575.22,2.57,463919.05,3.57
144,Entry Long,Long,2021-12-15 04:00,48251.5,269.33275,-127883.80,-0.98,11867915.89,-0.98,333575.22,2.57,463919.05,3.57
145,Exit Short,Long,2021-12-19 05:00,47880.0,269.172337,-27780.11,-0.22,11840135.78,-0.22,675934.36,5.25,92956.42,0.72
145,Entry Short,Short,2021-12-16 23:00,47805.5,269.172337,-27780.11,-0.22,11840135.78,-0.22,675934.36,5.25,92956.42,0.72
146,Exit Long,Short,2021-12-19 21:00,46779.5,268.173561,-302740.56,-2.36,11537395.23,-2.36,132916.47,1.03,393910.49,3.07
146,Entry Long,Long,2021-12-19 05:00,47880.0,268.173561,-302740.56,-2.36,11537395.23,-2.36,132916.47,1.03,393910.49,3.07
147,Exit Short,Long,2021-12-31 11:00,47993.0,268.010507,-332850.76,-2.65,11204544.47,-2.65,344652.44,2.75,1434803.32,11.44
147,Entry Short,Short,2021-12-19 21:00,46779.5,268.010507,-332850.76,-2.65,11204544.47,-2.65,344652.44,2.75,1434803.32,11.44
148,Exit Long,Short,2021-12-31 19:00,46649.0,254.30254,-349002.92,-2.86,10855541.55,-2.86,42494.49,0.35,444876.33,3.64
148,Entry Long,Long,2021-12-31 11:00,47993.0,254.30254,-349002.92,-2.86,10855541.55,-2.86,42494.49,0.35,444876.33,3.64
149,Exit Short,Long,2022-01-01 20:00,47334.0,254.143578,-181253.90,-1.53,10674287.64,-1.53,254399.07,2.15,325429.50,2.74
149,Entry Short,Short,2021-12-31 19:00,46649.0,254.143578,-181253.90,-1.53,10674287.64,-1.53,254399.07,2.15,325429.50,2.74
150,Exit Long,Short,2022-01-02 07:00,47145.0,246.638657,-53605.36,-0.46,10620682.28,-0.46,122530.04,1.05,137303.79,1.18
150,Entry Long,Long,2022-01-01 20:00,47334.0,246.638657,-53605.36,-0.46,10620682.28,-0.46,122530.04,1.05,137303.79,1.18
151,Exit Short,Long,2022-01-02 17:00,47758.0,246.488162,-158114.98,-1.36,10462567.30,-1.36,34719.46,0.30,179971.73,1.55
151,Entry Short,Short,2022-01-02 07:00,47145.0,246.488162,-158114.98,-1.36,10462567.30,-1.36,34719.46,0.30,179971.73,1.55
152,Exit Long,Short,2022-01-02 20:00,46906.5,240.015495,-211189.48,-1.84,10251377.82,-1.84,54644.95,0.48,281376.74,2.45
152,Entry Long,Long,2022-01-02 17:00,47758.0,240.015495,-211189.48,-1.84,10251377.82,-1.84,54644.95,0.48,281376.74,2.45
153,Exit Short,Long,2022-01-09 21:00,42423.0,239.868246,1069021.09,9.50,11320398.91,9.50,1529142.81,13.59,164087.14,1.46
153,Entry Short,Short,2022-01-02 20:00,46906.5,239.868246,1069021.09,9.50,11320398.91,9.50,1529142.81,13.59,164087.14,1.46
154,Exit Long,Exit Long,2022-01-09 21:00,42423.0,290.402747,-7391.85,-0.06,11313007.06,-0.06,0,0.00,3695.93,0.03
154,Entry Long,Long,2022-01-09 21:00,42423.0,290.402747,-7391.85,-0.06,11313007.06,-0.06,0,0.00,3695.93,0.03
155,Exit Long,Short,2022-01-13 22:00,42782.5,291.455089,152429.57,1.24,11465436.63,1.24,642171.68,5.22,282032.40,2.29
155,Entry Long,Long,2022-01-11 04:00,42234.0,291.455089,152429.57,1.24,11465436.63,1.24,642171.68,5.22,282032.40,2.29
156,Exit Short,Long,2022-01-14 22:00,43261.0,291.367679,-146940.52,-1.18,11318496.10,-1.18,299137.07,2.40,272380.63,2.18
156,Entry Short,Short,2022-01-13 22:00,42782.5,291.367679,-146940.52,-1.18,11318496.10,-1.18,299137.07,2.40,272380.63,2.18
157,Exit Long,Short,2022-01-16 22:00,42964.5,284.750282,-91794.28,-0.74,11226701.82,-0.75,143947.45,1.17,202451.27,1.64
157,Entry Long,Long,2022-01-14 22:00,43261.0,284.750282,-91794.28,-0.74,11226701.82,-0.75,143947.45,1.17,202451.27,1.64
158,Exit Short,Exit Short,2022-01-24 11:00,33082.6,284.576896,2805668.05,22.94,14032369.88,22.95,2808492.42,22.96,150936.55,1.23
158,Entry Short,Short,2022-01-16 22:00,42964.5,284.576896,2805668.05,22.94,14032369.88,22.95,2808492.42,22.96,150936.55,1.23
159,Exit Long,Short,2022-01-27 03:00,35985.5,413.125729,-170293.92,-1.13,13862075.96,-1.13,1033263.47,6.87,287912.61,1.92
159,Entry Long,Long,2022-01-24 23:00,36376.0,413.125729,-170293.92,-1.13,13862075.96,-1.13,1033263.47,6.87,287912.61,1.92
160,Exit Short,Long,2022-02-04 08:00,37819.5,413.001828,-766589.83,-5.16,13095486.13,-5.16,199977.28,1.35,1352703.09,9.10
160,Entry Short,Short,2022-01-27 03:00,35985.5,413.001828,-766589.83,-5.16,13095486.13,-5.16,199977.28,1.35,1352703.09,9.10
161,Exit Long,Short,2022-02-11 02:00,43148.0,372.716276,1976965.31,14.02,15072451.43,14.03,3016636.63,21.39,194127.73,1.38
161,Entry Long,Long,2022-02-04 08:00,37819.5,372.716276,1976965.31,14.02,15072451.43,14.03,3016636.63,21.39,194127.73,1.38
162,Exit Short,Exit Short,2022-02-11 02:00,43148.0,372.495927,-9643.47,-0.06,15062807.96,-0.06,0,0.00,4821.74,0.03
162,Entry Short,Short,2022-02-11 02:00,43148.0,372.495927,-9643.47,-0.06,15062807.96,-0.06,0,0.00,4821.74,0.03
163,Exit Long,Short,2022-02-17 10:00,43220.0,377.408822,243907.85,1.52,15306715.81,1.52,845107.27,5.26,290327.17,1.81
163,Entry Long,Long,2022-02-14 18:00,42548.0,377.408822,243907.85,1.52,15306715.81,1.52,845107.27,5.26,290327.17,1.81
164,Exit Short,Long,2022-02-23 09:00,38644.5,377.295633,1717050.03,10.53,17023765.84,10.53,2601277.57,15.95,53185.86,0.33
164,Entry Short,Short,2022-02-17 10:00,43220.0,377.295633,1717050.03,10.53,17023765.84,10.53,2601277.57,15.95,53185.86,0.33
165,Exit Long,Exit Long,2022-02-23 09:00,38644.5,466.372527,-10813.64,-0.06,17012952.20,-0.06,0,0.00,5406.82,0.03
165,Entry Long,Long,2022-02-23 09:00,38644.5,466.372527,-10813.64,-0.06,17012952.20,-0.06,0,0.00,5406.82,0.03
166,Exit Short,Long,2022-02-25 00:00,38318.0,478.129437,-324312.40,-1.80,16688639.80,-1.80,1629800.41,9.05,1123029.82,6.23
166,Entry Short,Short,2022-02-23 21:00,37662.5,478.129437,-324312.40,-1.80,16688639.80,-1.80,1629800.41,9.05,1123029.82,6.23
167,Exit Long,Short,2022-03-03 17:00,42400.5,461.632377,1873435.50,10.59,18562075.30,10.59,3251048.14,18.37,649745.45,3.67
167,Entry Long,Long,2022-02-25 00:00,38318.0,461.632377,1873435.50,10.59,18562075.30,10.59,3251048.14,18.37,649745.45,3.67
168,Exit Short,Long,2022-03-08 14:00,38860.5,461.36434,1621982.49,8.29,20184057.79,8.29,2421599.85,12.38,142201.79,0.73
168,Entry Short,Short,2022-03-03 17:00,42400.5,461.36434,1621982.49,8.29,20184057.79,8.29,2421599.85,12.38,142201.79,0.73
169,Exit Long,Exit Long,2022-03-08 14:00,38860.5,545.105737,-12709.85,-0.06,20171347.94,-0.06,0,0.00,6354.92,0.03
169,Entry Long,Long,2022-03-08 14:00,38860.5,545.105737,-12709.85,-0.06,20171347.94,-0.06,0,0.00,6354.92,0.03
170,Exit Long,Short,2022-03-31 16:00,46700.0,542.0321,4133957.28,19.53,24305305.21,19.53,4946468.81,23.36,830509.31,3.92
170,Entry Long,Long,2022-03-08 18:00,39047.5,542.0321,4133957.28,19.53,24305305.21,19.53,4946468.81,23.36,830509.31,3.92
171,Exit Short,Exit Short,2022-03-31 16:00,46700.0,541.869539,-15183.18,-0.06,24290122.03,-0.06,0,0.00,7591.59,0.03
171,Entry Short,Short,2022-03-31 16:00,46700.0,541.869539,-15183.18,-0.06,24290122.03,-0.06,0,0.00,7591.59,0.03
172,Exit Long,Short,2022-04-02 23:00,46219.5,539.125017,-379508.70,-1.50,23910613.33,-1.50,59536.30,0.24,701708.22,2.77
172,Entry Long,Long,2022-04-02 02:00,46895.5,539.125017,-379508.70,-1.50,23910613.33,-1.50,59536.30,0.24,701708.22,2.77
173,Exit Short,Long,2022-04-03 14:00,46380.0,538.963328,-101475.93,-0.41,23809137.39,-0.41,379771.97,1.52,201769.46,0.81
173,Entry Short,Short,2022-04-02 23:00,46219.5,538.963328,-101475.93,-0.41,23809137.39,-0.41,379771.97,1.52,201769.46,0.81
174,Exit Long,Short,2022-04-04 03:00,45850.5,534.911465,-298036.17,-1.20,23511101.23,-1.20,587913.70,2.37,354600.30,1.43
174,Entry Long,Long,2022-04-03 14:00,46380.0,534.911465,-298036.17,-1.20,23511101.23,-1.20,587913.70,2.37,354600.30,1.43
175,Exit Short,Long,2022-04-05 01:00,46580.5,534.587533,-405072.64,-1.65,23106028.59,-1.65,420583.99,1.72,557711.20,2.27
175,Entry Short,Short,2022-04-04 03:00,45850.5,534.587533,-405072.64,-1.65,23106028.59,-1.65,420583.99,1.72,557711.20,2.27
176,Exit Long,Short,2022-04-05 18:00,45916.0,517.518427,-358251.59,-1.49,22747777.00,-1.49,308195.60,1.28,529925.49,2.20
176,Entry Long,Long,2022-04-05 01:00,46580.5,517.518427,-358251.59,-1.49,22747777.00,-1.49,308195.60,1.28,529925.49,2.20
177,Exit Short,Long,2022-04-13 19:00,41012.5,517.20057,2522605.15,10.62,25270382.16,10.62,3481134.91,14.65,148061.49,0.62
177,Entry Short,Short,2022-04-05 18:00,45916.0,517.20057,2522605.15,10.62,25270382.16,10.62,3481134.91,14.65,148061.49,0.62
178,Exit Long,Exit Long,2022-04-13 19:00,41012.5,640.508747,-15761.32,-0.06,25254620.84,-0.06,0,0.00,7880.66,0.03
178,Entry Long,Long,2022-04-13 19:00,41012.5,640.508747,-15761.32,-0.06,25254620.84,-0.06,0,0.00,7880.66,0.03
179,Exit Long,Short,2022-04-16 17:00,40058.5,647.548185,-322593.81,-1.23,24932027.03,-1.23,97352.56,0.37,370501.01,1.41
179,Entry Long,Long,2022-04-16 02:00,40532.5,647.548185,-322593.81,-1.23,24932027.03,-1.23,97352.56,0.37,370501.01,1.41
180,Exit Short,Long,2022-04-17 13:00,40443.0,647.353978,-264541.49,-1.02,24667485.54,-1.02,28472.21,0.11,406873.34,1.57
180,Entry Short,Short,2022-04-16 17:00,40058.5,647.353978,-264541.49,-1.02,24667485.54,-1.02,28472.21,0.11,406873.34,1.57
181,Exit Long,Exit Long,2022-04-30 11:00,38602.5,634.662105,-1183145.76,-4.61,23484339.78,-4.61,1583397.61,6.17,1768570.30,6.89
181,Entry Long,Long,2022-04-17 13:00,40443.0,634.662105,-1183145.76,-4.61,23484339.78,-4.61,1583397.61,6.17,1768570.30,6.89
182,Exit Long,Short,2022-05-03 04:00,38398.0,633.306942,-173915.11,-0.71,23310424.67,-0.71,376440.91,1.54,415509.42,1.70
182,Entry Long,Long,2022-05-02 05:00,38649.5,633.306942,-173915.11,-0.71,23310424.67,-0.71,376440.91,1.54,415509.42,1.70
183,Exit Short,Exit Short,2022-05-11 13:00,29566.4,633.117007,5578527.33,22.94,28888952.00,22.95,5584143.03,22.96,1058583.92,4.35
183,Entry Short,Short,2022-05-03 04:00,38398.0,633.117007,5578527.33,22.94,28888952.00,22.95,5584143.03,22.96,1058583.92,4.35
184,Exit Long,Short,2022-05-14 01:00,29268.5,983.88146,-1100856.50,-3.68,27788095.50,-3.68,611373.26,2.05,1178307.11,3.94
184,Entry Long,Long,2022-05-13 08:00,30369.5,983.88146,-1100856.50,-3.68,27788095.50,-3.68,611373.26,2.05,1178307.11,3.94
185,Exit Short,Long,2022-05-15 02:00,29951.5,983.586384,-689263.90,-2.39,27098831.60,-2.39,651350.03,2.26,1043861.10,3.62
185,Entry Short,Short,2022-05-14 01:00,29268.5,983.586384,-689263.90,-2.39,27098831.60,-2.39,651350.03,2.26,1043861.10,3.62
186,Exit Long,Short,2022-05-16 14:00,29877.0,938.158015,-86731.35,-0.31,27012100.25,-0.31,1461194.76,5.20,698444.99,2.48
186,Entry Long,Long,2022-05-15 02:00,29951.5,938.158015,-86731.35,-0.31,27012100.25,-0.31,1461194.76,5.20,698444.99,2.48
187,Exit Short,Long,2022-05-17 05:00,30333.5,937.580929,-444941.36,-1.59,26567158.89,-1.59,766975.80,2.74,620643.98,2.21
187,Entry Short,Short,2022-05-16 14:00,29877.0,937.580929,-444941.36,-1.59,26567158.89,-1.59,766975.80,2.74,620643.98,2.21
188,Exit Long,Short,2022-05-18 06:00,29810.0,908.811073,-492160.32,-1.78,26074998.57,-1.79,402057.97,1.46,856645.36,3.11
188,Entry Long,Long,2022-05-17 05:00,30333.5,908.811073,-492160.32,-1.78,26074998.57,-1.79,402057.97,1.46,856645.36,3.11
189,Exit Short,Long,2022-05-19 18:00,30135.0,908.252384,-311515.58,-1.15,25763482.99,-1.15,1060890.55,3.92,681137.52,2.51
189,Entry Short,Short,2022-05-18 06:00,29810.0,908.252384,-311515.58,-1.15,25763482.99,-1.15,1060890.55,3.92,681137.52,2.51
190,Exit Long,Exit Long,2022-05-29 09:00,28998.0,888.125599,-1025554.07,-3.83,24737928.93,-3.83,553266.28,2.07,1948583.53,7.28
190,Entry Long,Long,2022-05-19 18:00,30135.0,888.125599,-1025554.07,-3.83,24737928.93,-3.83,553266.28,2.07,1948583.53,7.28
191,Exit Long,Short,2022-06-08 20:00,30223.0,883.258723,948791.04,3.69,25686719.97,3.69,2923816.64,11.36,57181.55,0.22
191,Entry Long,Long,2022-05-29 12:00,29131.0,883.258723,948791.04,3.69,25686719.97,3.69,2923816.64,11.36,57181.55,0.22
192,Exit Short,Long,2022-06-09 12:00,30417.0,882.993824,-187364.23,-0.70,25499355.75,-0.70,150491.37,0.56,424337.60,1.59
192,Entry Short,Short,2022-06-08 20:00,30223.0,882.993824,-187364.23,-0.70,25499355.75,-0.70,150491.37,0.56,424337.60,1.59
193,Exit Long,Exit Long,2022-06-12 03:00,27983.6,871.205684,-2135255.59,-8.06,23364100.15,-8.06,17750.73,0.07,2127941.75,8.03
193,Entry Long,Long,2022-06-09 12:00,30417.0,871.205684,-2135255.59,-8.06,23364100.15,-8.06,17750.73,0.07,2127941.75,8.03
194,Exit Long,Short,2022-06-22 08:00,20099.5,1210.967415,-31562.53,-0.13,23332537.62,-0.13,1940534.05,7.96,600075.59,2.46
194,Entry Long,Long,2022-06-19 21:00,20113.5,1210.967415,-31562.53,-0.13,23332537.62,-0.13,1940534.05,7.96,600075.59,2.46
195,Exit Short,Long,2022-06-23 11:00,20733.0,1210.604234,-781747.38,-3.21,22550790.24,-3.21,472704.82,1.94,958834.69,3.94
195,Entry Short,Short,2022-06-22 08:00,20099.5,1210.604234,-781747.38,-3.21,22550790.24,-3.21,472704.82,1.94,958834.69,3.94
196,Exit Long,Short,2022-06-27 02:00,21043.5,1135.930868,338469.97,1.44,22889260.21,1.44,1295847.33,5.50,657953.76,2.79
196,Entry Long,Long,2022-06-23 11:00,20733.0,1135.930868,338469.97,1.44,22889260.21,1.44,1295847.33,5.50,657953.76,2.79
197,Exit Short,Long,2022-06-27 10:00,21475.5,1135.232476,-504901.11,-2.11,22384359.09,-2.11,134169.66,0.56,616219.00,2.58
197,Entry Short,Short,2022-06-27 02:00,21043.5,1135.232476,-504901.11,-2.11,22384359.09,-2.11,134169.66,0.56,616219.00,2.58
198,Exit Long,Exit Long,2022-06-30 07:00,19757.4,1088.899331,-1884307.48,-8.06,20500051.61,-8.06,7140.29,0.03,1877853.34,8.03
198,Entry Long,Long,2022-06-27 10:00,21475.5,1088.899331,-1884307.48,-8.06,20500051.61,-8.06,7140.29,0.03,1877853.34,8.03
199,Exit Short,Long,2022-07-14 03:00,20267.0,1006.419756,1083927.11,5.04,21583978.72,5.04,2498530.69,11.62,64317.22,0.30
199,Entry Short,Short,2022-07-10 07:00,21356.5,1006.419756,1083927.11,5.04,21583978.72,5.04,2498530.69,11.62,64317.22,0.30
200,Exit Long,Short,2022-07-14 13:00,19730.5,1114.290366,-611187.43,-2.71,20972791.29,-2.71,108554.06,0.48,727163.72,3.22
200,Entry Long,Long,2022-07-14 03:00,20267.0,1114.290366,-611187.43,-2.71,20972791.29,-2.71,108554.06,0.48,727163.72,3.22
201,Exit Short,Long,2022-07-14 17:00,20378.0,1113.646136,-734485.88,-3.34,20238305.41,-3.34,166580.14,0.76,835701.39,3.80
201,Entry Short,Short,2022-07-14 13:00,19730.5,1113.646136,-734485.88,-3.34,20238305.41,-3.34,166580.14,0.76,835701.39,3.80
202,Exit Long,Short,2022-07-21 13:00,22610.5,1042.238784,2313356.80,10.89,22551662.22,10.89,4057317.40,19.10,253382.21,1.19
202,Entry Long,Long,2022-07-14 17:00,20378.0,1042.238784,2313356.80,10.89,22551662.22,10.89,4057317.40,19.10,253382.21,1.19
203,Exit Short,Exit Short,2022-07-21 13:00,22823.4,1041.62519,-235959.53,-1.00,22315702.68,-1.00,50223.89,0.21,228827.50,0.97
203,Entry Short,Short,2022-07-21 13:00,22610.5,1041.62519,-235959.53,-1.00,22315702.68,-1.00,50223.89,0.21,228827.50,0.97
204,Exit Long,Short,2022-07-22 22:00,22598.5,1008.423901,-533671.79,-2.29,21782030.89,-2.29,649491.35,2.79,639274.40,2.74
204,Entry Long,Long,2022-07-21 22:00,23114.0,1008.423901,-533671.79,-2.29,21782030.89,-2.29,649491.35,2.79,639274.40,2.74
205,Exit Short,Long,2022-07-24 19:00,22764.0,1008.121465,-180563.38,-0.79,21601467.51,-0.79,660037.74,2.90,398993.86,1.75
205,Entry Short,Short,2022-07-22 22:00,22598.5,1008.121465,-180563.38,-0.79,21601467.51,-0.79,660037.74,2.90,398993.86,1.75
206,Exit Long,Short,2022-07-25 02:00,22320.5,992.864685,-453764.33,-2.01,21147703.18,-2.01,217606.95,0.96,502716.38,2.22
206,Entry Long,Long,2022-07-24 19:00,22764.0,992.864685,-453764.33,-2.01,21147703.18,-2.01,217606.95,0.96,502716.38,2.22
207,Exit Short,Long,2022-08-03 13:00,23387.0,992.258562,-1071849.85,-4.84,20075853.33,-4.84,1610241.01,7.27,2362762.27,10.67
207,Entry Short,Short,2022-07-25 02:00,22320.5,992.258562,-1071849.85,-4.84,20075853.33,-4.84,1610241.01,7.27,2362762.27,10.67
208,Exit Long,Short,2022-08-04 02:00,22992.0,901.205463,-368515.26,-1.75,19707338.07,-1.75,235200.12,1.12,615537.84,2.92
208,Entry Long,Long,2022-08-03 13:00,23387.0,901.205463,-368515.26,-1.75,19707338.07,-1.75,235200.12,1.12,615537.84,2.92
209,Exit Short,Long,2022-08-05 08:00,23271.0,900.632481,-263776.25,-1.27,19443561.82,-1.27,571993.85,2.76,397987.33,1.92
209,Entry Short,Short,2022-08-04 02:00,22992.0,900.632481,-263776.25,-1.27,19443561.82,-1.27,571993.85,2.76,397987.33,1.92
210,Exit Long,Short,2022-08-05 20:00,22797.5,878.506135,-428114.09,-2.09,19015447.73,-2.09,189773.75,0.93,469545.10,2.30
210,Entry Long,Long,2022-08-05 08:00,23271.0,878.506135,-428114.09,-2.09,19015447.73,-2.09,189773.75,0.93,469545.10,2.30
211,Exit Short,Long,2022-08-07 19:00,23229.0,877.966944,-390965.66,-1.95,18624482.07,-1.95,17261.49,0.09,476155.93,2.38
211,Entry Short,Short,2022-08-05 20:00,22797.5,877.966944,-390965.66,-1.95,18624482.07,-1.95,17261.49,0.09,476155.93,2.38
212,Exit Long,Short,2022-08-12 12:00,23741.0,844.836753,420651.82,2.14,19045133.89,2.14,1448076.64,7.38,604031.84,3.08
212,Entry Long,Long,2022-08-07 19:00,23229.0,844.836753,420651.82,2.14,19045133.89,2.14,1448076.64,7.38,604031.84,3.08
213,Exit Short,Long,2022-08-12 21:00,24168.0,844.325745,-372662.33,-1.86,18672471.56,-1.86,149342.40,0.74,435775.35,2.17
213,Entry Short,Short,2022-08-12 12:00,23741.0,844.325745,-372662.33,-1.86,18672471.56,-1.86,149342.40,0.74,435775.35,2.17
214,Exit Long,Short,2022-08-14 22:00,24303.0,813.997494,98053.08,0.50,18770524.64,0.50,696578.03,3.54,113756.48,0.58
214,Entry Long,Long,2022-08-12 21:00,24168.0,813.997494,98053.08,0.50,18770524.64,0.50,696578.03,3.54,113756.48,0.58
215,Exit Short,Long,2022-08-23 15:00,21506.0,813.501553,2264184.14,11.45,21034708.77,11.45,2900709.89,14.67,734828.55,3.72
215,Entry Short,Short,2022-08-14 22:00,24303.0,813.501553,2264184.14,11.45,21034708.77,11.45,2900709.89,14.67,734828.55,3.72
216,Exit Long,Exit Long,2022-08-23 15:00,21506.0,1024.520939,-13220.01,-0.06,21021488.76,-0.06,0,0.00,6610.00,0.03
216,Entry Long,Long,2022-08-23 15:00,21506.0,1024.520939,-13220.01,-0.06,21021488.76,-0.06,0,0.00,6610.00,0.03
217,Exit Short,Exit Short,2022-08-28 13:00,20020.5,1035.702121,1266784.92,5.75,22288273.69,5.75,1541770.21,7.00,652882.59,2.96
217,Entry Short,Short,2022-08-24 05:00,21256.0,1035.702121,1266784.92,5.75,22288273.69,5.75,1541770.21,7.00,652882.59,2.96
218,Exit Long,Short,2022-08-31 20:00,19995.0,1154.339157,-214186.53,-0.92,22074087.15,-0.92,455328.45,1.96,744029.94,3.19
218,Entry Long,Long,2022-08-29 20:00,20168.5,1154.339157,-214186.53,-0.92,22074087.15,-0.92,455328.45,1.96,744029.94,3.19
219,Exit Short,Long,2022-09-05 01:00,19986.5,1153.992959,-4032.57,-0.02,22070054.58,-0.02,495064.71,2.14,506601.18,2.19
219,Entry Short,Short,2022-08-31 20:00,19995.0,1153.992959,-4032.57,-0.02,22070054.58,-0.02,495064.71,2.14,506601.18,2.19
220,Exit Long,Short,2022-09-18 16:00,19803.0,1154.281782,-225589.20,-0.98,21844465.39,-0.98,3233725.09,14.01,1779320.69,7.71
220,Entry Long,Long,2022-09-05 01:00,19986.5,1154.281782,-225589.20,-0.98,21844465.39,-0.98,3233725.09,14.01,1779320.69,7.71
221,Exit Short,Long,2022-09-24 04:00,19118.5,1153.5863,776160.03,3.40,22620625.42,3.40,1957704.13,8.57,286021.23,1.25
221,Entry Short,Short,2022-09-18 16:00,19803.0,1153.5863,776160.03,3.40,22620625.42,3.40,1957704.13,8.57,286021.23,1.25
222,Exit Long,Short,2022-09-27 23:00,18985.0,1235.460722,-179056.62,-0.76,22441568.80,-0.76,1555771.77,6.58,622345.49,2.63
222,Entry Long,Long,2022-09-24 04:00,19118.5,1235.460722,-179056.62,-0.76,22441568.80,-0.76,1555771.77,6.58,622345.49,2.63
223,Exit Short,Long,2022-09-28 20:00,19547.0,1234.74179,-708198.01,-3.02,21733370.79,-3.02,649850.16,2.77,830605.25,3.54
223,Entry Short,Short,2022-09-27 23:00,18985.0,1234.74179,-708198.01,-3.02,21733370.79,-3.02,649850.16,2.77,830605.25,3.54
224,Exit Long,Short,2022-09-29 16:00,19190.0,1163.032245,-428718.23,-1.89,21304652.56,-1.89,276959.73,1.22,839551.22,3.69
224,Entry Long,Long,2022-09-28 20:00,19547.0,1163.032245,-428718.23,-1.89,21304652.56,-1.89,276959.73,1.22,839551.22,3.69
225,Exit Short,Long,2022-10-03 17:00,19326.0,1162.306239,-171503.86,-0.77,21133148.70,-0.77,341419.32,1.53,1139939.98,5.11
225,Entry Short,Short,2022-09-29 16:00,19190.0,1162.306239,-171503.86,-0.77,21133148.70,-0.77,341419.32,1.53,1139939.98,5.11
226,Exit Long,Short,2022-10-15 00:00,19156.0,1145.257556,-207915.32,-0.94,20925233.37,-0.94,1281774.78,5.79,1443938.21,6.52
226,Entry Long,Long,2022-10-03 17:00,19326.0,1145.257556,-207915.32,-0.94,20925233.37,-0.94,1281774.78,5.79,1443938.21,6.52
227,Exit Short,Long,2022-10-22 01:00,19153.0,1144.562401,-9720.43,-0.04,20915512.95,-0.04,605191.03,2.76,622352.14,2.84
227,Entry Short,Short,2022-10-15 00:00,19156.0,1144.562401,-9720.43,-0.04,20915512.95,-0.04,605191.03,2.76,622352.14,2.84
228,Exit Long,Short,2022-10-28 04:00,20217.0,1144.234053,1203950.48,5.49,22119463.43,5.49,2117123.75,9.66,124430.76,0.57
228,Entry Long,Long,2022-10-22 01:00,19153.0,1144.234053,1203950.48,5.49,22119463.43,5.49,2117123.75,9.66,124430.76,0.57
229,Exit Short,Exit Short,2022-11-09 21:00,15567.0,1143.565686,5305304.03,22.94,27424767.47,22.95,5310644.60,22.96,1439823.64,6.23
229,Entry Short,Short,2022-10-28 04:00,20217.0,1143.565686,5305304.03,22.94,27424767.47,22.95,5310644.60,22.96,1439823.64,6.23
230,Exit Long,Short,2022-11-16 14:00,16495.0,1696.593384,-447855.18,-1.58,26976912.28,-1.58,688775.01,2.42,514109.70,1.81
230,Entry Long,Long,2022-11-15 05:00,16749.0,1696.593384,-447855.18,-1.58,26976912.28,-1.58,688775.01,2.42,514109.70,1.81
231,Exit Short,Long,2022-11-20 01:00,16710.0,1696.084558,-381553.73,-1.36,26595358.55,-1.36,208705.75,0.75,859827.52,3.07
231,Entry Short,Short,2022-11-16 14:00,16495.0,1696.084558,-381553.73,-1.36,26595358.55,-1.36,208705.75,0.75,859827.52,3.07
232,Exit Long,Short,2022-11-20 10:00,16617.5,1651.441194,-169269.83,-0.61,26426088.72,-0.61,40438.84,0.15,289023.68,1.05
232,Entry Long,Long,2022-11-20 01:00,16710.0,1651.441194,-169269.83,-0.61,26426088.72,-0.61,40438.84,0.15,289023.68,1.05
233,Exit Short,Long,2022-11-23 00:00,16218.5,1650.434406,642265.23,2.34,27068353.95,2.34,1935158.68,7.05,291277.33,1.06
233,Entry Short,Short,2022-11-20 10:00,16617.5,1650.434406,642265.23,2.34,27068353.95,2.34,1935158.68,7.05,291277.33,1.06
234,Exit Long,Short,2022-11-25 09:00,16439.5,1730.614041,365510.19,1.30,27433864.14,1.30,1015237.82,3.62,119179.69,0.42
234,Entry Long,Long,2022-11-23 00:00,16218.5,1730.614041,365510.19,1.30,27433864.14,1.30,1015237.82,3.62,119179.69,0.42
235,Exit Short,Long,2022-11-27 07:00,16545.5,1729.606685,-200453.63,-0.70,27233410.50,-0.70,100435.06,0.35,433148.60,1.52
235,Entry Short,Short,2022-11-25 09:00,16439.5,1729.606685,-200453.63,-0.70,27233410.50,-0.70,100435.06,0.35,433148.60,1.52
236,Exit Long,Short,2022-11-28 01:00,16437.0,1706.417189,-202030.84,-0.72,27031379.67,-0.72,55520.59,0.20,255047.34,0.90
236,Entry Long,Long,2022-11-27 07:00,16545.5,1706.417189,-202030.84,-0.72,27031379.67,-0.72,55520.59,0.20,255047.34,0.90
237,Exit Short,Long,2022-11-29 08:00,16455.0,1705.383267,-47524.94,-0.17,26983854.73,-0.17,762423.82,2.72,158483.14,0.57
237,Entry Short,Short,2022-11-28 01:00,16437.0,1705.383267,-47524.94,-0.17,26983854.73,-0.17,762423.82,2.72,158483.14,0.57
238,Exit Long,Short,2022-12-12 00:00,17078.0,1700.630701,1042384.75,3.72,28026239.48,3.72,1642066.93,5.87,237980.31,0.85
238,Entry Long,Long,2022-11-29 08:00,16455.0,1700.630701,1042384.75,3.72,28026239.48,3.72,1642066.93,5.87,237980.31,0.85
239,Exit Short,Long,2022-12-20 09:00,16818.5,1699.627861,423770.00,1.46,28450009.48,1.46,1478466.50,5.09,2219923.72,7.65
239,Entry Short,Short,2022-12-12 00:00,17078.0,1699.627861,423770.00,1.46,28450009.48,1.46,1478466.50,5.09,2219923.72,7.65
240,Exit Long,Short,2022-12-21 23:00,16761.0,1751.033095,-118324.05,-0.40,28331685.43,-0.40,403533.37,1.37,230340.61,0.78
240,Entry Long,Long,2022-12-20 09:00,16818.5,1751.033095,-118324.05,-0.40,28331685.43,-0.40,403533.37,1.37,230340.61,0.78
241,Exit Short,Long,2022-12-23 03:00,16861.5,1749.996458,-193526.42,-0.66,28138159.01,-0.66,342074.78,1.17,234549.05,0.80
241,Entry Short,Short,2022-12-21 23:00,16761.0,1749.996458,-193526.42,-0.66,28138159.01,-0.66,342074.78,1.17,234549.05,0.80
242,Exit Long,Short,2022-12-27 15:00,16770.0,1728.09476,-175556.20,-0.60,27962602.82,-0.60,213318.70,0.73,279188.31,0.96
242,Entry Long,Long,2022-12-23 03:00,16861.5,1728.09476,-175556.20,-0.60,27962602.82,-0.60,213318.70,0.73,279188.31,0.96
243,Exit Short,Long,2023-01-06 19:00,16841.0,1727.048782,-140034.81,-0.48,27822568.00,-0.48,711490.56,2.46,385185.42,1.33
243,Entry Short,Short,2022-12-27 15:00,16770.0,1727.048782,-140034.81,-0.48,27822568.00,-0.48,711490.56,2.46,385185.42,1.33
244,Exit Long,Short,2023-01-18 19:00,20924.0,1711.456966,6968488.84,24.17,34791056.84,24.18,8261113.27,28.65,12925.44,0.04
244,Entry Long,Long,2023-01-06 19:00,16841.0,1711.456966,6968488.84,24.17,34791056.84,24.18,8261113.27,28.65,12925.44,0.04
245,Exit Short,Exit Short,2023-01-18 19:00,20924.0,1710.526796,-21474.64,-0.06,34769582.20,-0.06,0,0.00,10737.32,0.03
245,Entry Short,Short,2023-01-18 19:00,20924.0,1710.526796,-21474.64,-0.06,34769582.20,-0.06,0,0.00,10737.32,0.03
246,Exit Long,Short,2023-01-25 01:00,22656.0,1698.072253,2690401.31,7.52,37459983.51,7.52,3933045.15,11.00,359681.50,1.01
246,Entry Long,Long,2023-01-20 00:00,21058.5,1698.072253,2690401.31,7.52,37459983.51,7.52,3933045.15,11.00,359681.50,1.01
247,Exit Short,Long,2023-02-01 05:00,23134.5,1697.562984,-835603.57,-2.17,36624379.95,-2.17,560540.73,1.46,2235345.51,5.81
247,Entry Short,Short,2023-01-25 01:00,22656.0,1697.562984,-835603.57,-2.17,36624379.95,-2.17,560540.73,1.46,2235345.51,5.81
248,Exit Long,Short,2023-02-03 10:00,23420.0,1626.353462,441609.69,1.17,37065989.64,1.17,1851700.43,4.92,628488.60,1.67
248,Entry Long,Long,2023-02-01 05:00,23134.5,1626.353462,441609.69,1.17,37065989.64,1.17,1851700.43,4.92,628488.60,1.67
249,Exit Short,Long,2023-02-07 21:00,23193.0,1625.362792,346228.44,0.91,37412218.08,0.91,1301060.66,3.42,503904.72,1.32
249,Entry Short,Short,2023-02-03 10:00,23420.0,1625.362792,346228.44,0.91,37412218.08,0.91,1301060.66,3.42,503904.72,1.32
250,Exit Long,Short,2023-02-08 17:00,22977.0,1656.189522,-380676.82,-0.99,37031541.27,-0.99,434819.48,1.13,879366.91,2.29
250,Entry Long,Long,2023-02-07 21:00,23193.0,1656.189522,-380676.82,-0.99,37031541.27,-0.99,434819.48,1.13,879366.91,2.29
251,Exit Short,Exit Short,2023-02-11 13:00,21705.7,1655.200769,2082069.09,5.47,39113610.35,5.47,2547365.40,6.70,117342.31,0.31
251,Entry Short,Short,2023-02-08 17:00,22977.0,1655.200769,2082069.09,5.47,39113610.35,5.47,2547365.40,6.70,117342.31,0.31
252,Exit Short,Long,2023-02-14 12:00,21802.9,1841.160476,-65131.14,-0.16,39048479.21,-0.16,822199.34,2.05,207929.95,0.52
252,Entry Short,Short,2023-02-12 23:00,21780.6,1841.160476,-65131.14,-0.16,39048479.21,-0.16,822199.34,2.05,207929.95,0.52
253,Exit Long,Short,2023-02-20 01:00,24205.6,1836.843146,4388029.91,10.95,43436509.12,10.96,6404445.93,15.99,542311.17,1.35
253,Entry Long,Long,2023-02-14 12:00,21802.9,1836.843146,4388029.91,10.95,43436509.12,10.96,6404445.93,15.99,542311.17,1.35
254,Exit Short,Long,2023-02-23 08:00,24381.4,1835.794887,-349491.47,-0.79,43087017.64,-0.79,1152949.54,2.59,2013245.90,4.53
254,Entry Short,Short,2023-02-20 01:00,24205.6,1835.794887,-349491.47,-0.79,43087017.64,-0.79,1152949.54,2.59,2013245.90,4.53
255,Exit Long,Short,2023-02-28 08:00,23223.0,1808.231654,-2120479.48,-4.81,40966538.16,-4.81,201230.11,0.46,3031345.62,6.87
255,Entry Long,Long,2023-02-23 08:00,24381.4,1808.231654,-2120479.48,-4.81,40966538.16,-4.81,201230.11,0.46,3031345.62,6.87
256,Exit Short,Long,2023-02-28 16:00,23512.7,1807.11131,-548857.13,-1.31,40417681.03,-1.31,33491.37,0.08,641103.28,1.53
256,Entry Short,Short,2023-02-28 08:00,23223.0,1807.11131,-548857.13,-1.31,40417681.03,-1.31,33491.37,0.08,641103.28,1.53
257,Exit Long,Short,2023-02-28 21:00,23262.4,1761.516229,-465626.04,-1.12,39952054.99,-1.12,128848.20,0.31,650270.43,1.57
257,Entry Long,Long,2023-02-28 16:00,23512.7,1761.516229,-465626.04,-1.12,39952054.99,-1.12,128848.20,0.31,650270.43,1.57
258,Exit Short,Exit Short,2023-03-03 16:00,22330.0,1760.44013,1617355.57,3.95,41569410.56,3.95,2377335.81,5.80,1360782.76,3.32
258,Entry Short,Short,2023-02-28 21:00,23262.4,1760.44013,1617355.57,3.95,41569410.56,3.95,2377335.81,5.80,1360782.76,3.32
259,Exit Long,Short,2023-03-07 08:00,22403.9,1890.045547,-237722.43,-0.56,41331688.14,-0.56,34484.15,0.08,402494.38,0.95
259,Entry Long,Long,2023-03-06 17:00,22516.2,1890.045547,-237722.43,-0.56,41331688.14,-0.56,34484.15,0.08,402494.38,0.95
260,Exit Short,Exit Short,2023-03-12 15:00,20336.9,1889.478704,3881325.13,9.17,45213013.27,9.17,5408025.95,12.77,167258.87,0.39
260,Entry Short,Short,2023-03-07 08:00,22403.9,1889.478704,3881325.13,9.17,45213013.27,9.17,5408025.95,12.77,167258.87,0.39
261,Exit Short,Long,2023-03-26 14:00,27901.6,1692.847169,-1062020.74,-2.30,44150992.53,-2.30,552905.49,1.20,2534847.75,5.49
261,Entry Short,Short,2023-03-22 21:00,27290.8,1692.847169,-1062020.74,-2.30,44150992.53,-2.30,552905.49,1.20,2534847.75,5.49
262,Exit Long,Short,2023-03-31 09:00,27729.8,1618.244723,-305022.01,-0.68,43845970.52,-0.68,2083052.38,4.61,2323266.18,5.14
262,Entry Long,Long,2023-03-26 14:00,27901.6,1618.244723,-305022.01,-0.68,43845970.52,-0.68,2083052.38,4.61,2323266.18,5.14
263,Exit Short,Long,2023-03-31 16:00,28501.6,1617.248548,-1275474.47,-2.84,42570496.04,-2.84,91505.64,0.20,1542238.85,3.44
263,Entry Short,Short,2023-03-31 09:00,27729.8,1617.248548,-1275474.47,-2.84,42570496.04,-2.84,91505.64,0.20,1542238.85,3.44
264,Exit Long,Short,2023-04-05 20:00,28021.6,1528.730068,-759713.05,-1.74,41810783.00,-1.74,502110.66,1.15,2041084.68,4.68
264,Entry Long,Long,2023-03-31 16:00,28501.6,1528.730068,-759713.05,-1.74,41810783.00,-1.74,502110.66,1.15,2041084.68,4.68
265,Exit Short,Long,2023-04-08 08:00,28097.5,1527.778249,-141679.63,-0.33,41669103.36,-0.33,524323.60,1.22,435121.15,1.02
265,Entry Short,Short,2023-04-05 20:00,28021.6,1527.778249,-141679.63,-0.33,41669103.36,-0.33,524323.60,1.22,435121.15,1.02
266,Exit Long,Short,2023-04-08 20:00,27891.6,1518.611286,-338189.77,-0.79,41330913.60,-0.79,8307.94,0.02,387442.16,0.91
266,Entry Long,Long,2023-04-08 08:00,28097.5,1518.611286,-338189.77,-0.79,41330913.60,-0.79,8307.94,0.02,387442.16,0.91
267,Exit Short,Long,2023-04-09 04:00,28023.9,1517.694261,-226249.74,-0.53,41104663.86,-0.53,35259.86,0.08,290589.10,0.69
267,Entry Short,Short,2023-04-08 20:00,27891.6,1517.694261,-226249.74,-0.53,41104663.86,-0.53,35259.86,0.08,290589.10,0.69
268,Exit Long,Short,2023-04-09 08:00,27874.3,1502.460111,-249963.48,-0.59,40854700.38,-0.59,40104.91,0.10,315978.13,0.75
268,Entry Long,Long,2023-04-09 04:00,28023.9,1502.460111,-249963.48,-0.59,40854700.38,-0.59,40104.91,0.10,315978.13,0.75
269,Exit Short,Long,2023-04-09 22:00,28098.3,1501.551894,-361561.35,-0.86,40493139.03,-0.86,153064.76,0.37,612576.55,1.46
269,Entry Short,Short,2023-04-09 08:00,27874.3,1501.551894,-361561.35,-0.86,40493139.03,-0.86,153064.76,0.37,612576.55,1.46
270,Exit Long,Short,2023-04-30 04:00,29165.3,1476.720952,1550292.55,3.74,42043431.57,3.74,4363666.86,10.51,1733270.93,4.18
270,Entry Long,Long,2023-04-09 22:00,28098.3,1476.720952,1550292.55,3.74,42043431.57,3.74,4363666.86,10.51,1733270.93,4.18
271,Exit Short,Exit Short,2023-05-02 12:00,28003.9,1475.844213,1688733.62,3.92,43732165.19,3.92,2238044.56,5.20,1178387.21,2.74
271,Entry Short,Short,2023-04-30 04:00,29165.3,1475.844213,1688733.62,3.92,43732165.19,3.92,2238044.56,5.20,1178387.21,2.74
272,Exit Long,Short,2023-05-03 15:00,28357.1,1561.054564,-478464.91,-1.07,43253700.28,-1.07,220742.56,0.49,835310.85,1.87
272,Entry Long,Long,2023-05-02 23:00,28646.5,1561.054564,-478464.91,-1.07,43253700.28,-1.07,220742.56,0.49,835310.85,1.87
273,Exit Short,Long,2023-05-03 23:00,28911.6,1560.586388,-892156.98,-2.02,42361543.31,-2.02,436172.77,0.99,1093045.83,2.47
273,Entry Short,Short,2023-05-03 15:00,28357.1,1560.586388,-892156.98,-2.02,42361543.31,-2.02,436172.77,0.99,1093045.83,2.47
274,Exit Long,Exit Long,2023-05-12 03:00,26598.6,1499.815658,-3494050.14,-8.06,38867493.17,-8.06,1368921.53,3.16,3482082.24,8.03
274,Entry Long,Long,2023-05-03 23:00,28911.6,1499.815658,-3494050.14,-8.06,38867493.17,-8.06,1368921.53,3.16,3482082.24,8.03
275,Exit Short,Long,2023-05-17 22:00,27324.2,1473.723899,-436827.22,-1.10,38430665.94,-1.10,787833.30,1.98,637110.34,1.60
275,Entry Short,Short,2023-05-16 13:00,27044.1,1473.723899,-436827.22,-1.10,38430665.94,-1.10,787833.30,1.98,637110.34,1.60
276,Exit Long,Short,2023-05-21 16:00,26883.2,1443.076729,-659864.47,-1.67,37770801.48,-1.67,335952.22,0.85,1430229.39,3.63
276,Entry Long,Long,2023-05-17 22:00,27324.2,1443.076729,-659864.47,-1.67,37770801.48,-1.67,335952.22,0.85,1430229.39,3.63
277,Exit Short,Long,2023-05-23 03:00,26982.8,1442.194701,-166948.17,-0.43,37603853.31,-0.43,526595.82,1.36,371891.48,0.96
277,Entry Short,Short,2023-05-21 16:00,26883.2,1442.194701,-166948.17,-0.43,37603853.31,-0.43,526595.82,1.36,371891.48,0.96
278,Exit Long,Short,2023-06-04 00:00,27063.7,1430.687195,92545.50,0.24,37696398.81,0.24,2086092.38,5.40,1630832.95,4.22
278,Entry Long,Long,2023-05-23 03:00,26982.8,1430.687195,92545.50,0.24,37696398.81,0.24,2086092.38,5.40,1630832.95,4.22
279,Exit Short,Long,2023-06-04 11:00,27203.6,1429.826882,-223310.63,-0.58,37473088.18,-0.58,156109.77,0.40,266261.09,0.69
279,Entry Short,Short,2023-06-04 00:00,27063.7,1429.826882,-223310.63,-0.58,37473088.18,-0.58,156109.77,0.40,266261.09,0.69
280,Exit Long,Short,2023-06-07 21:00,26465.1,1414.269256,-1067208.44,-2.77,36405879.73,-2.77,336933.98,0.88,2669519.60,6.94
280,Entry Long,Long,2023-06-04 11:00,27203.6,1414.269256,-1067208.44,-2.77,36405879.73,-2.77,336933.98,0.88,2669519.60,6.94
281,Exit Short,Long,2023-06-08 17:00,26703.1,1413.404317,-358934.68,-0.96,36046945.06,-0.96,483045.72,1.29,499411.62,1.33
281,Entry Short,Short,2023-06-07 21:00,26465.1,1413.404317,-358934.68,-0.96,36046945.06,-0.96,483045.72,1.29,499411.62,1.33
282,Exit Long,Exit Long,2023-06-11 15:00,25696.0,1387.372761,-1419032.23,-3.83,34627912.82,-3.83,81701.09,0.22,1910566.19,5.16
282,Entry Long,Long,2023-06-08 17:00,26703.1,1387.372761,-1419032.23,-3.83,34627912.82,-3.83,81701.09,0.22,1910566.19,5.16
283,Exit Short,Long,2023-06-14 14:00,26008.7,1376.399505,-202558.85,-0.57,34425353.97,-0.57,107134.63,0.30,280321.83,0.79
283,Entry Short,Short,2023-06-13 20:00,25877.1,1376.399505,-202558.85,-0.57,34425353.97,-0.57,107134.63,0.30,280321.83,0.79
284,Exit Long,Short,2023-06-14 21:00,25858.2,1362.062149,-226184.14,-0.64,34199169.84,-0.64,111549.34,0.31,362993.12,1.02
284,Entry Long,Long,2023-06-14 14:00,26008.7,1362.062149,-226184.14,-0.64,34199169.84,-0.64,111549.34,0.31,362993.12,1.02
285,Exit Short,Long,2023-06-16 06:00,25520.5,1361.238455,438708.63,1.25,34637878.46,1.25,1457808.17,4.14,19816.17,0.06
285,Entry Short,Short,2023-06-14 21:00,25858.2,1361.238455,438708.63,1.25,34637878.46,1.25,1457808.17,4.14,19816.17,0.06
286,Exit Long,Short,2023-06-28 09:00,30179.9,1396.430674,6483194.56,18.19,41121073.02,18.19,8261065.81,23.17,521086.69,1.46
286,Entry Long,Long,2023-06-16 06:00,25520.5,1396.430674,6483194.56,18.19,41121073.02,18.19,8261065.81,23.17,521086.69,1.46
287,Exit Short,Exit Short,2023-06-28 09:00,30179.9,1395.66665,-25272.65,-0.06,41095800.37,-0.06,0,0.00,12636.32,0.03
287,Entry Short,Short,2023-06-28 09:00,30179.9,1395.66665,-25272.65,-0.06,41095800.37,-0.06,0,0.00,12636.32,0.03
288,Exit Short,Long,2023-07-10 18:00,30339.8,1385.276472,28930.65,0.07,41124731.03,0.07,962332.63,2.29,1625363.82,3.86
288,Entry Short,Short,2023-06-30 18:00,30378.9,1385.276472,28930.65,0.07,41124731.03,0.07,962332.63,2.29,1625363.82,3.86
289,Exit Long,Short,2023-07-12 22:00,30331.7,1388.430455,-36517.73,-0.09,41088213.29,-0.09,953293.66,2.26,266303.65,0.63
289,Entry Long,Long,2023-07-10 18:00,30339.8,1388.430455,-36517.73,-0.09,41088213.29,-0.09,953293.66,2.26,266303.65,0.63
290,Exit Short,Long,2023-07-13 15:00,30640.5,1387.598481,-453871.89,-1.08,40634341.40,-1.08,118917.87,0.28,502865.01,1.19
290,Entry Short,Short,2023-07-12 22:00,30331.7,1387.598481,-453871.89,-1.08,40634341.40,-1.08,118917.87,0.28,502865.01,1.19
291,Exit Long,Exit Long,2023-07-22 18:00,29813.2,1358.809615,-1148786.72,-2.76,39485554.69,-2.76,1622701.11,3.90,1749728.47,4.20
291,Entry Long,Long,2023-07-13 15:00,30640.5,1358.809615,-1148786.72,-2.76,39485554.69,-2.76,1622701.11,3.90,1749728.47,4.20
292,Exit Short,Long,2023-07-28 18:00,29338.4,1359.262918,570707.85,1.41,40056262.54,1.41,1245176.18,3.08,129446.41,0.32
292,Entry Short,Short,2023-07-24 06:00,29776.0,1359.262918,570707.85,1.41,40056262.54,1.41,1245176.18,3.08,129446.41,0.32
293,Exit Long,Short,2023-07-30 22:00,29258.1,1399.391559,-136970.98,-0.33,39919291.56,-0.33,136718.43,0.33,485311.12,1.18
293,Entry Long,Long,2023-07-28 18:00,29338.4,1399.391559,-136970.98,-0.33,39919291.56,-0.33,136718.43,0.33,485311.12,1.18
294,Exit Short,Long,2023-07-31 03:00,29436.1,1398.563093,-273570.49,-0.67,39645721.07,-0.67,157090.20,0.38,378559.46,0.92
294,Entry Short,Short,2023-07-30 22:00,29258.1,1398.563093,-273570.49,-0.67,39645721.07,-0.67,157090.20,0.38,378559.46,0.92
295,Exit Long,Short,2023-07-31 18:00,29217.7,1380.817356,-325867.57,-0.80,39319853.50,-0.80,63613.11,0.16,397856.05,0.98
295,Entry Long,Long,2023-07-31 03:00,29436.1,1380.817356,-325867.57,-0.80,39319853.50,-0.80,63613.11,0.16,397856.05,0.98
296,Exit Short,Long,2023-08-03 22:00,29290.9,1379.980656,-125236.80,-0.31,39194616.70,-0.31,901589.23,2.24,1146854.05,2.84
296,Entry Short,Short,2023-07-31 18:00,29217.7,1379.980656,-125236.80,-0.31,39194616.70,-0.31,901589.23,2.24,1146854.05,2.84
297,Exit Long,Short,2023-08-07 14:00,29065.0,1372.258433,-334016.99,-0.83,38860599.70,-0.83,36107.87,0.09,702167.17,1.75
297,Entry Long,Long,2023-08-03 22:00,29290.9,1372.258433,-334016.99,-0.83,38860599.70,-0.83,36107.87,0.09,702167.17,1.75
298,Exit Short,Long,2023-08-07 23:00,29180.0,1371.429792,-181678.10,-0.46,38678921.60,-0.46,520019.43,1.30,320529.89,0.80
298,Entry Short,Short,2023-08-07 14:00,29065.0,1371.429792,-181678.10,-0.46,38678921.60,-0.46,520019.43,1.30,320529.89,0.80
299,Exit Long,Short,2023-08-10 17:00,29455.0,1359.802035,350025.96,0.88,39028947.56,0.88,1464569.34,3.69,84789.10,0.21
299,Entry Long,Long,2023-08-07 23:00,29180.0,1359.802035,350025.96,0.88,39028947.56,0.88,1464569.34,3.69,84789.10,0.21
300,Exit Short,Exit Short,2023-08-20 08:00,26048.0,1358.986751,4607439.51,11.51,43636387.07,11.51,7128243.60,17.80,317780.71,0.79
300,Entry Short,Short,2023-08-10 17:00,29455.0,1358.986751,4607439.51,11.51,43636387.07,11.51,7128243.60,17.80,317780.71,0.79
301,Exit Short,Long,2023-08-28 17:00,26089.1,1715.800691,-167511.67,-0.38,43468875.40,-0.38,419166.45,0.94,518175.46,1.16
301,Entry Short,Short,2023-08-24 20:00,26007.1,1715.800691,-167511.67,-0.38,43468875.40,-0.38,419166.45,0.94,518175.46,1.16
302,Exit Long,Short,2023-08-28 23:00,25967.5,1704.503559,-233886.83,-0.53,43234988.57,-0.53,153530.21,0.35,331912.40,0.75
302,Entry Long,Long,2023-08-28 17:00,26089.1,1704.503559,-233886.83,-0.53,43234988.57,-0.53,153530.21,0.35,331912.40,0.75
303,Exit Short,Long,2023-08-29 01:00,26102.4,1703.475366,-256408.76,-0.58,42978579.81,-0.58,0,0.00,352262.10,0.80
303,Entry Short,Short,2023-08-28 23:00,25967.5,1703.475366,-256408.76,-0.58,42978579.81,-0.58,0,0.00,352262.10,0.80
304,Exit Long,Short,2023-08-29 09:00,25993.8,1684.853715,-209307.46,-0.48,42769272.35,-0.48,156639.64,0.36,219419.71,0.50
304,Entry Long,Long,2023-08-29 01:00,26102.4,1684.853715,-209307.46,-0.48,42769272.35,-0.48,156639.64,0.36,219419.71,0.50
305,Exit Short,Long,2023-09-07 19:00,25917.2,1683.835387,102758.92,0.23,42872031.27,0.23,1146021.50,2.62,3628325.36,8.29
305,Entry Short,Short,2023-08-29 09:00,25993.8,1683.835387,102758.92,0.23,42872031.27,0.23,1146021.50,2.62,3628325.36,8.29
306,Exit Long,Short,2023-09-08 19:00,25818.9,1692.773979,-192672.94,-0.44,42679358.33,-0.44,888748.39,2.03,496110.00,1.13
306,Entry Long,Long,2023-09-07 19:00,25917.2,1692.773979,-192672.94,-0.44,42679358.33,-0.44,888748.39,2.03,496110.00,1.13
307,Exit Short,Long,2023-09-12 11:00,25861.5,1691.759377,-98298.19,-0.22,42581060.14,-0.23,1620289.87,3.71,353316.62,0.81
307,Entry Short,Short,2023-09-08 19:00,25818.9,1691.759377,-98298.19,-0.22,42581060.14,-0.23,1620289.87,3.71,353316.62,0.81
308,Exit Long,Short,2023-09-17 23:00,26472.3,1685.173374,1002846.44,2.30,43583906.58,2.30,1721643.14,3.95,216980.31,0.50
308,Entry Long,Long,2023-09-12 11:00,25861.5,1685.173374,1002846.44,2.30,43583906.58,2.30,1721643.14,3.95,216980.31,0.50
309,Exit Short,Long,2023-10-04 20:00,27615.3,1684.172305,-1952336.80,-4.38,41631569.78,-4.38,830395.15,1.86,3582809.96,8.03
309,Entry Short,Short,2023-09-17 23:00,26472.3,1684.172305,-1952336.80,-4.38,41631569.78,-4.38,830395.15,1.86,3582809.96,8.03
310,Exit Long,Short,2023-10-05 22:00,27459.9,1543.808419,-265415.50,-0.62,41366154.29,-0.62,758651.25,1.78,443049.23,1.04
310,Entry Long,Long,2023-10-04 20:00,27615.3,1543.808419,-265415.50,-0.62,41366154.29,-0.62,758651.25,1.78,443049.23,1.04
311,Exit Short,Long,2023-10-06 12:00,27657.0,1542.837457,-329604.19,-0.78,41036550.10,-0.78,141728.18,0.33,518914.82,1.22
311,Entry Short,Short,2023-10-05 22:00,27459.9,1542.837457,-329604.19,-0.78,41036550.10,-0.78,141728.18,0.33,518914.82,1.22
312,Exit Long,Short,2023-10-09 10:00,27732.3,1519.931306,89194.45,0.21,41125744.55,0.21,941905.84,2.24,810574.96,1.93
312,Entry Long,Long,2023-10-06 12:00,27657.0,1519.931306,89194.45,0.21,41125744.55,0.21,941905.84,2.24,810574.96,1.93
313,Exit Short,Exit Short,2023-10-13 11:00,26730.5,1519.014008,1496929.31,3.55,42622673.85,3.55,1824305.91,4.33,90563.14,0.21
313,Entry Short,Short,2023-10-09 10:00,27732.3,1519.014008,1496929.31,3.55,42622673.85,3.55,1824305.91,4.33,90563.14,0.21
314,Exit Long,Exit Long,2023-10-23 23:00,35498.9,1621.590332,13924729.80,31.92,56547403.65,31.92,13941999.20,31.96,196484.74,0.45
314,Entry Long,Long,2023-10-14 06:00,26893.1,1621.590332,13924729.80,31.92,56547403.65,31.92,13941999.20,31.96,196484.74,0.45
315,Exit Short,Long,2023-10-28 07:00,34110.4,1711.513929,-885053.29,-1.54,55662350.36,-1.54,345410.76,0.60,1110060.69,1.93
315,Entry Short,Short,2023-10-27 19:00,33613.6,1711.513929,-885053.29,-1.54,55662350.36,-1.54,345410.76,0.60,1110060.69,1.93
316,Exit Long,Short,2023-10-31 07:00,34266.8,1661.160984,225729.92,0.40,55888080.28,0.40,1316581.18,2.32,333117.79,0.59
316,Entry Long,Long,2023-10-28 07:00,34110.4,1661.160984,225729.92,0.40,55888080.28,0.40,1316581.18,2.32,333117.79,0.59
317,Exit Short,Long,2023-11-04 07:00,34786.6,1660.151827,-897338.66,-1.58,54990741.62,-1.58,357131.79,0.63,3034226.36,5.33
317,Entry Short,Short,2023-10-31 07:00,34266.8,1660.151827,-897338.66,-1.58,54990741.62,-1.58,357131.79,0.63,3034226.36,5.33
318,Exit Long,Short,2023-11-07 05:00,34922.7,1609.564302,185401.22,0.33,55176142.84,0.33,1049378.01,1.87,613623.82,1.10
318,Entry Long,Long,2023-11-04 07:00,34786.6,1609.564302,185401.22,0.33,55176142.84,0.33,1049378.01,1.87,613623.82,1.10
319,Exit Short,Long,2023-12-01 02:00,37945.1,1608.585621,-4896953.41,-8.71,50279189.43,-8.72,620307.92,1.10,5932265.61,10.56
319,Entry Short,Short,2023-11-07 05:00,34922.7,1608.585621,-4896953.41,-8.71,50279189.43,-8.72,620307.92,1.10,5932265.61,10.56
320,Exit Long,Short,2023-12-10 12:00,43772.7,1351.481908,7842763.93,15.29,58121953.36,15.29,9217804.61,17.97,124989.82,0.24
320,Entry Long,Long,2023-12-01 02:00,37945.1,1351.481908,7842763.93,15.29,58121953.36,15.29,9217804.61,17.97,124989.82,0.24
321,Exit Short,Exit Short,2023-12-10 12:00,43772.7,1350.658382,-35473.18,-0.06,58086480.18,-0.06,0,0.00,17736.59,0.03
321,Entry Short,Short,2023-12-10 12:00,43772.7,1350.658382,-35473.18,-0.06,58086480.18,-0.06,0,0.00,17736.59,0.03
322,Exit Short,Long,2023-12-16 17:00,42632.1,1352.709358,1364897.63,2.31,59451377.82,2.31,4715815.23,7.98,29759.74,0.05
322,Entry Short,Short,2023-12-11 01:00,43667.0,1352.709358,1364897.63,2.31,59451377.82,2.31,4715815.23,7.98,29759.74,0.05
323,Exit Long,Short,2023-12-28 15:00,42708.7,1417.958376,72312.70,0.12,59523690.52,0.12,2593460.57,4.29,2947778.96,4.87
323,Entry Long,Long,2023-12-16 17:00,42632.1,1417.958376,72312.70,0.12,59523690.52,0.12,2593460.57,4.29,2947778.96,4.87
324,Exit Short,Long,2023-12-31 10:00,42784.3,1417.128153,-143481.25,-0.24,59380209.27,-0.24,2009328.14,3.32,671878.33,1.11
324,Entry Short,Short,2023-12-28 15:00,42708.7,1417.128153,-143481.25,-0.24,59380209.27,-0.24,2009328.14,3.32,671878.33,1.11
325,Exit Long,Short,2024-01-05 17:00,43224.4,1411.271995,584686.30,0.97,59964895.57,0.97,4444610.22,7.36,3651151.58,6.05
325,Entry Long,Long,2023-12-31 10:00,42784.3,1411.271995,584686.30,0.97,59964895.57,0.97,4444610.22,7.36,3651151.58,6.05
326,Exit Short,Long,2024-01-05 22:00,43957.7,1410.428057,-1071156.12,-1.76,58893739.46,-1.76,191018.05,0.31,1727728.28,2.83
326,Entry Short,Short,2024-01-05 17:00,43224.4,1410.428057,-1071156.12,-1.76,58893739.46,-1.76,191018.05,0.31,1727728.28,2.83
327,Exit Long,Short,2024-01-06 09:00,43715.8,1362.545603,-365437.52,-0.61,58528301.93,-0.61,520645.97,0.87,776906.21,1.30
327,Entry Long,Long,2024-01-05 22:00,43957.7,1362.545603,-365437.52,-0.61,58528301.93,-0.61,520645.97,0.87,776906.21,1.30
328,Exit Short,Long,2024-01-10 19:00,46562.1,1361.71162,-3912719.52,-6.57,54615582.41,-6.57,770436.36,1.29,5965270.17,10.02
328,Entry Short,Short,2024-01-06 09:00,43715.8,1361.71162,-3912719.52,-6.57,54615582.41,-6.57,770436.36,1.29,5965270.17,10.02
329,Exit Long,Exit Long,2024-01-12 22:00,42837.1,1194.489043,-4481507.59,-8.06,50134074.81,-8.06,2960339.67,5.32,4466157.06,8.03
329,Entry Long,Long,2024-01-10 19:00,46562.1,1194.489043,-4481507.59,-8.06,50134074.81,-8.06,2960339.67,5.32,4466157.06,8.03
330,Exit Long,Exit Long,2024-01-20 10:00,41527.0,1184.398071,-1964331.46,-3.84,48169743.35,-3.84,481874.69,0.94,3439548.88,6.73
330,Entry Long,Long,2024-01-16 13:00,43160.1,1184.398071,-1964331.46,-3.84,48169743.35,-3.84,481874.69,0.94,3439548.88,6.73
331,Exit Long,Short,2024-01-25 14:00,39901.3,1226.651615,-239432.75,-0.49,47930310.60,-0.49,294124.38,0.60,455359.76,0.93
331,Entry Long,Long,2024-01-25 09:00,40072.5,1226.651615,-239432.75,-0.49,47930310.60,-0.49,294124.38,0.60,455359.76,0.93
332,Exit Short,Long,2024-01-31 17:00,43456.6,1226.28373,-4390472.68,-8.97,43539837.92,-8.97,432056.07,0.88,4906938.04,10.03
332,Entry Short,Short,2024-01-25 14:00,39901.3,1226.28373,-4390472.68,-8.97,43539837.92,-8.97,432056.07,0.88,4906938.04,10.03
333,Exit Long,Short,2024-01-31 23:00,42625.5,1024.987279,-878336.84,-1.97,42661501.08,-1.97,272916.21,0.61,1244987.45,2.79
333,Entry Long,Long,2024-01-31 17:00,43456.6,1024.987279,-878336.84,-1.97,42661501.08,-1.97,272916.21,0.61,1244987.45,2.79
334,Exit Short,Long,2024-02-01 21:00,42985.9,1024.30493,-395467.15,-0.91,42266033.93,-0.91,787908.00,1.80,711469.55,1.63
334,Entry Short,Short,2024-01-31 23:00,42625.5,1024.30493,-395467.15,-0.91,42266033.93,-0.91,787908.00,1.80,711469.55,1.63
335,Exit Long,Short,2024-02-04 06:00,42870.1,1006.522214,-142480.06,-0.33,42123553.86,-0.33,481021.22,1.11,481616.62,1.11
335,Entry Long,Long,2024-02-01 21:00,42985.9,1006.522214,-142480.06,-0.33,42123553.86,-0.33,481021.22,1.11,481616.62,1.11
336,Exit Short,Long,2024-02-05 11:00,43128.5,1005.912319,-285879.86,-0.66,41837674.00,-0.66,707396.74,1.64,411781.30,0.95
336,Entry Short,Short,2024-02-04 06:00,42870.1,1005.912319,-285879.86,-0.66,41837674.00,-0.66,707396.74,1.64,411781.30,0.95
337,Exit Long,Short,2024-02-05 19:00,42718.2,993.260551,-433115.25,-1.01,41404558.76,-1.01,423587.33,0.99,697307.20,1.63
337,Entry Long,Long,2024-02-05 11:00,43128.5,993.260551,-433115.25,-1.01,41404558.76,-1.01,423587.33,0.99,697307.20,1.63
338,Exit Short,Exit Short,2024-02-09 18:00,47844.4,992.658082,-5115533.17,-12.06,36289025.59,-12.06,416007.66,0.98,5101285.23,12.03
338,Entry Short,Short,2024-02-05 19:00,42718.2,992.658082,-5115533.17,-12.06,36289025.59,-12.06,416007.66,0.98,5101285.23,12.03
339,Exit Long,Short,2024-02-20 01:00,51663.5,716.785091,-268508.52,-0.72,36020517.07,-0.72,384625.37,1.03,424481.64,1.14
339,Entry Long,Long,2024-02-18 10:00,52007.0,716.785091,-268508.52,-0.72,36020517.07,-0.72,384625.37,1.03,424481.64,1.14
340,Exit Short,Long,2024-02-20 12:00,52323.0,716.57012,-494932.08,-1.34,35525584.99,-1.34,231524.49,0.63,562506.86,1.52
340,Entry Short,Short,2024-02-20 01:00,51663.5,716.57012,-494932.08,-1.34,35525584.99,-1.34,231524.49,0.63,562506.86,1.52
341,Exit Long,Short,2024-02-20 18:00,51351.8,698.084497,-699691.79,-1.92,34825893.20,-1.92,545415.58,1.49,1126357.17,3.08
341,Entry Long,Long,2024-02-20 12:00,52323.0,698.084497,-699691.79,-1.92,34825893.20,-1.92,545415.58,1.49,1126357.17,3.08
342,Exit Short,Long,2024-02-20 23:00,52188.0,697.656163,-605050.64,-1.69,34220842.56,-1.69,46320.50,0.13,693125.26,1.93
342,Entry Short,Short,2024-02-20 18:00,51351.8,697.656163,-605050.64,-1.69,34220842.56,-1.69,46320.50,0.13,693125.26,1.93
343,Exit Long,Exit Long,2024-03-05 14:00,68888.2,674.890759,11246296.69,31.92,45467139.25,31.93,11260244.29,31.96,1197024.31,3.40
343,Entry Long,Long,2024-02-20 23:00,52188.0,674.890759,11246296.69,31.92,45467139.25,31.93,11260244.29,31.96,1197024.31,3.40
344,Exit Long,Short,2024-03-14 17:00,71415.2,692.975595,3007004.83,6.47,48474144.08,6.47,4777713.09,10.28,1874644.73,4.03
344,Entry Long,Long,2024-03-06 09:00,67034.4,692.975595,3007004.83,6.47,48474144.08,6.47,4777713.09,10.28,1874644.73,4.03
345,Exit Short,Long,2024-03-17 23:00,68266.5,692.767765,2152287.77,4.35,50626431.85,4.35,4748213.25,9.59,783675.91,1.58
345,Entry Short,Short,2024-03-14 17:00,71415.2,692.767765,2152287.77,4.35,50626431.85,4.35,4748213.25,9.59,783675.91,1.58
346,Exit Long,Short,2024-03-18 15:00,67034.0,756.229368,-962748.16,-1.86,49663683.69,-1.86,569455.88,1.10,1223715.20,2.37
346,Entry Long,Long,2024-03-17 23:00,68266.5,756.229368,-962748.16,-1.86,49663683.69,-1.86,569455.88,1.10,1223715.20,2.37
347,Exit Short,Long,2024-03-23 17:00,65667.4,755.790979,1002775.60,1.98,50666459.28,1.98,4725726.55,9.32,962734.26,1.90
347,Entry Short,Short,2024-03-18 15:00,67034.0,755.790979,1002775.60,1.98,50666459.28,1.98,4725726.55,9.32,962734.26,1.90
348,Exit Long,Short,2024-03-29 16:00,69236.4,786.780788,2776178.72,5.37,53442638.00,5.37,4886616.62,9.46,1499997.75,2.90
348,Entry Long,Long,2024-03-23 17:00,65667.4,786.780788,2776178.72,5.37,53442638.00,5.37,4886616.62,9.46,1499997.75,2.90
349,Exit Short,Long,2024-04-11 00:00,70568.5,786.32984,-1080449.81,-1.98,52362188.19,-1.98,3781954.86,6.94,2861352.79,5.25
349,Entry Short,Short,2024-03-29 16:00,69236.4,786.32984,-1080449.81,-1.98,52362188.19,-1.98,3781954.86,6.94,2861352.79,5.25
350,Exit Long,Short,2024-04-12 17:00,69375.9,756.18479,-933573.13,-1.75,51428615.06,-1.75,568673.23,1.07,1013038.49,1.90
350,Entry Long,Long,2024-04-11 00:00,70568.5,756.18479,-933573.13,-1.75,51428615.06,-1.75,568673.23,1.07,1013038.49,1.90
351,Exit Short,Long,2024-04-15 11:00,66554.9,755.71812,2101063.21,4.01,53529678.27,4.01,7246722.55,13.82,206698.56,0.39
351,Entry Short,Short,2024-04-12 17:00,69375.9,755.71812,2101063.21,4.01,53529678.27,4.01,7246722.55,13.82,206698.56,0.39
352,Exit Long,Exit Long,2024-04-17 15:00,61230.5,819.299687,-4393687.61,-8.06,49135990.65,-8.06,102521.86,0.19,4378637.78,8.03
352,Entry Long,Long,2024-04-15 11:00,66554.9,819.299687,-4393687.61,-8.06,49135990.65,-8.06,102521.86,0.19,4378637.78,8.03
353,Exit Long,Short,2024-04-19 04:00,61340.0,789.455556,-1725314.38,-3.44,47410676.27,-3.44,231273.85,0.46,3146253.86,6.28
353,Entry Long,Long,2024-04-18 18:00,63488.0,789.455556,-1725314.38,-3.44,47410676.27,-3.44,231273.85,0.46,3146253.86,6.28
354,Exit Short,Long,2024-04-19 08:00,64600.1,789.21879,-2602750.47,-5.37,44807925.80,-5.38,164866.23,0.34,2887279.60,5.96
354,Entry Short,Short,2024-04-19 04:00,61340.0,789.21879,-2602750.47,-5.37,44807925.80,-5.38,164866.23,0.34,2887279.60,5.96
355,Exit Long,Short,2024-04-29 00:00,63118.3,709.123949,-1077950.32,-2.35,43729975.48,-2.35,1829128.48,3.99,1595160.16,3.48
355,Entry Long,Long,2024-04-19 08:00,64600.1,709.123949,-1077950.32,-2.35,43729975.48,-2.35,1829128.48,3.99,1595160.16,3.48
356,Exit Short,Long,2024-05-03 04:00,59518.3,708.669024,2525135.86,5.64,46255111.34,5.65,4673221.86,10.44,1138076.74,2.54
356,Entry Short,Short,2024-04-29 00:00,63118.3,708.669024,2525135.86,5.64,46255111.34,5.65,4673221.86,10.44,1138076.74,2.54
357,Exit Long,Short,2024-05-07 01:00,63149.3,793.93378,2853556.57,6.04,49108667.91,6.04,4766654.97,10.08,571676.38,1.21
357,Entry Long,Long,2024-05-03 04:00,59518.3,793.93378,2853556.57,6.04,49108667.91,6.04,4766654.97,10.08,571676.38,1.21
358,Exit Short,Exit Short,2024-05-11 12:00,60734.6,793.495354,1886562.84,3.76,50995230.75,3.76,2395844.33,4.78,1006425.70,2.01
358,Entry Short,Short,2024-05-07 01:00,63149.3,793.495354,1886562.84,3.76,50995230.75,3.76,2395844.33,4.78,1006425.70,2.01
359,Exit Long,Short,2024-05-14 14:00,61550.1,846.851116,112903.04,0.22,51108133.79,0.22,1726717.60,3.32,584762.53,1.12
359,Entry Long,Long,2024-05-12 21:00,61379.9,846.851116,112903.04,0.22,51108133.79,0.22,1726717.60,3.32,584762.53,1.12
360,Exit Short,Long,2024-05-15 10:00,62120.3,846.597137,-514139.39,-0.99,50593994.40,-0.99,387686.43,0.74,640759.77,1.23
360,Entry Short,Short,2024-05-14 14:00,61550.1,846.597137,-514139.39,-0.99,50593994.40,-0.99,387686.43,0.74,640759.77,1.23
361,Exit Long,Exit Long,2024-05-26 02:00,69164.9,830.554478,5818212.22,11.27,56412206.62,11.28,8241396.00,15.97,215060.53,0.42
361,Entry Long,Long,2024-05-15 10:00,62120.3,830.554478,5818212.22,11.27,56412206.62,11.28,8241396.00,15.97,215060.53,0.42
362,Exit Short,Long,2024-05-30 17:00,68558.9,837.4417,-53536.39,-0.09,56358670.23,-0.09,1164746.72,2.03,1861097.63,3.24
362,Entry Short,Short,2024-05-26 23:00,68536.1,837.4417,-53536.39,-0.09,56358670.23,-0.09,1164746.72,2.03,1861097.63,3.24
363,Exit Long,Short,2024-06-02 23:00,67815.2,836.633709,-656433.04,-1.14,55702237.19,-1.14,820346.40,1.43,1605891.36,2.80
363,Entry Long,Long,2024-05-30 17:00,68558.9,836.633709,-656433.04,-1.14,55702237.19,-1.14,820346.40,1.43,1605891.36,2.80
364,Exit Short,Long,2024-06-03 03:00,68498.2,836.128883,-605268.70,-1.07,55096968.49,-1.07,144947.49,0.26,663171.08,1.17
364,Entry Short,Short,2024-06-02 23:00,67815.2,836.128883,-605268.70,-1.07,55096968.49,-1.07,144947.49,0.26,663171.08,1.17
365,Exit Long,Short,2024-06-11 00:00,69492.1,818.960517,780062.28,1.39,55877030.77,1.39,2989411.07,5.33,251051.90,0.45
365,Entry Long,Long,2024-06-03 03:00,68498.2,818.960517,780062.28,1.39,55877030.77,1.39,2989411.07,5.33,251051.90,0.45
366,Exit Short,Exit Short,2024-06-12 10:00,67361.8,818.467725,1709978.64,3.01,57587009.41,3.01,2897091.22,5.09,80821.75,0.14
366,Entry Short,Short,2024-06-11 00:00,69492.1,818.467725,1709978.64,3.01,57587009.41,3.01,2897091.22,5.09,80821.75,0.14
367,Exit Short,Exit Short,2024-06-15 21:00,65879.8,865.029813,1546780.28,2.64,59133789.69,2.64,2298979.01,3.92,702674.44,1.20
367,Entry Short,Short,2024-06-13 04:00,67708.0,865.029813,1546780.28,2.64,59133789.69,2.64,2298979.01,3.92,702674.44,1.20
368,Exit Long,Short,2024-06-17 05:00,66188.9,904.115957,-309301.71,-0.51,58824487.98,-0.51,396412.03,0.66,362683.73,0.60
368,Entry Long,Long,2024-06-16 16:00,66491.2,904.115957,-309301.71,-0.51,58824487.98,-0.51,396412.03,0.66,362683.73,0.60
369,Exit Short,Long,2024-06-18 00:00,66631.6,903.844804,-436146.83,-0.73,58388341.15,-0.73,1004210.74,1.68,1013080.48,1.69
369,Entry Short,Short,2024-06-17 05:00,66188.9,903.844804,-436146.83,-0.73,58388341.15,-0.73,1004210.74,1.68,1013080.48,1.69
370,Exit Long,Short,2024-06-20 18:00,64863.4,891.297701,-1611152.95,-2.71,56777188.19,-2.71,36285.19,0.06,2339647.09,3.94
370,Entry Long,Long,2024-06-18 00:00,66631.6,891.297701,-1611152.95,-2.71,56777188.19,-2.71,36285.19,0.06,2339647.09,3.94
371,Exit Short,Long,2024-06-27 18:00,61687.3,890.751931,2795299.62,4.84,59572487.82,4.84,5811213.03,10.05,316091.36,0.55
371,Entry Short,Short,2024-06-20 18:00,64863.4,890.751931,2795299.62,4.84,59572487.82,4.84,5811213.03,10.05,316091.36,0.55
372,Exit Long,Short,2024-06-28 16:00,60881.3,981.900666,-827516.99,-1.37,58744970.82,-1.37,502923.44,0.83,953235.24,1.57
372,Entry Long,Long,2024-06-27 18:00,61687.3,981.900666,-827516.99,-1.37,58744970.82,-1.37,502923.44,0.83,953235.24,1.57
373,Exit Short,Long,2024-07-09 06:00,57264.7,981.335502,3514315.72,5.88,62259286.54,5.88,7407842.25,12.40,2926307.52,4.90
373,Entry Short,Short,2024-06-28 16:00,60881.3,981.335502,3514315.72,5.88,62259286.54,5.88,7407842.25,12.40,2926307.52,4.90
374,Exit Long,Short,2024-07-18 19:00,63534.7,1104.645063,6886092.41,10.88,69145378.95,10.89,9762102.56,15.43,849007.45,1.34
374,Entry Long,Long,2024-07-09 06:00,57264.7,1104.645063,6886092.41,10.88,69145378.95,10.89,9762102.56,15.43,849007.45,1.34
375,Exit Short,Long,2024-07-19 15:00,65099.1,1104.048501,-1769778.86,-2.52,67375600.09,-2.52,348481.42,0.50,1965825.05,2.80
375,Entry Short,Short,2024-07-18 19:00,63534.7,1104.048501,-1769778.86,-2.52,67375600.09,-2.52,348481.42,0.50,1965825.05,2.80
376,Exit Long,Short,2024-07-23 08:00,66503.0,1050.347068,1433113.88,2.10,68808713.97,2.10,3517896.21,5.14,152856.73,0.22
376,Entry Long,Long,2024-07-19 15:00,65099.1,1050.347068,1433113.88,2.10,68808713.97,2.10,3517896.21,5.14,152856.73,0.22
377,Exit Short,Long,2024-07-26 03:00,66400.0,1049.707933,66267.12,0.09,68874981.09,0.09,3258869.82,4.67,907106.06,1.30
377,Entry Short,Short,2024-07-23 08:00,66503.0,1049.707933,66267.12,0.09,68874981.09,0.09,3258869.82,4.67,907106.06,1.30
378,Exit Long,Short,2024-07-29 20:00,67399.9,1052.333264,1009987.41,1.44,69884968.49,1.45,3911501.70,5.60,62108.71,0.09
378,Entry Long,Long,2024-07-26 03:00,66400.0,1052.333264,1009987.41,1.44,69884968.49,1.45,3911501.70,5.60,62108.71,0.09
379,Exit Short,Exit Short,2024-08-05 07:00,51897.9,1051.707512,16265929.93,22.94,86150898.43,22.95,16282304.36,22.96,160406.40,0.23
379,Entry Short,Short,2024-07-29 20:00,67399.9,1051.707512,16265929.93,22.94,86150898.43,22.95,16282304.36,22.96,160406.40,0.23
380,Exit Long,Short,2024-08-07 20:00,54784.3,1541.613704,-2720007.62,-3.12,83430890.81,-3.12,1896563.18,2.18,2921750.45,3.35
380,Entry Long,Long,2024-08-06 22:00,56515.3,1541.613704,-2720007.62,-3.12,83430890.81,-3.12,1896563.18,2.18,2921750.45,3.35
381,Exit Short,Long,2024-08-08 06:00,56746.1,1541.151359,-3074996.30,-3.64,80355894.51,-3.64,385541.68,0.46,4480027.27,5.30
381,Entry Short,Short,2024-08-07 20:00,54784.3,1541.151359,-3074996.30,-3.64,80355894.51,-3.64,385541.68,0.46,4480027.27,5.30
382,Exit Long,Short,2024-08-14 19:00,59131.2,1433.714801,3369712.67,4.14,83725607.18,4.14,8573580.34,10.53,202331.32,0.25
382,Entry Long,Long,2024-08-08 06:00,56746.1,1433.714801,3369712.67,4.14,83725607.18,4.14,8573580.34,10.53,202331.32,0.25
383,Exit Short,Long,2024-08-16 21:00,59653.9,1432.841252,-800006.18,-0.94,82925601.00,-0.94,4386443.81,5.18,1031988.67,1.22
383,Entry Short,Short,2024-08-14 19:00,59131.2,1432.841252,-800006.18,-0.94,82925601.00,-0.94,4386443.81,5.18,1031988.67,1.22
384,Exit Long,Short,2024-08-20 23:00,59257.7,1406.883129,-607595.51,-0.72,82318005.48,-0.72,2509884.89,2.99,2699381.27,3.22
384,Entry Long,Long,2024-08-16 21:00,59653.9,1406.883129,-607595.51,-0.72,82318005.48,-0.72,2509884.89,2.99,2699381.27,3.22
385,Exit Short,Long,2024-08-21 15:00,59898.0,1406.028595,-950541.01,-1.14,81367464.48,-1.14,719215.53,0.86,1204512.79,1.45
385,Entry Short,Short,2024-08-20 23:00,59257.7,1406.028595,-950541.01,-1.14,81367464.48,-1.14,719215.53,0.86,1204512.79,1.45
386,Exit Long,Short,2024-08-26 19:00,63361.6,1375.13806,4712078.49,5.72,86079542.97,5.72,7048862.26,8.56,1023060.64,1.24
386,Entry Long,Long,2024-08-21 15:00,59898.0,1375.13806,4712078.49,5.72,86079542.97,5.72,7048862.26,8.56,1023060.64,1.24
387,Exit Short,Exit Short,2024-09-01 02:00,58911.0,1374.327011,6066167.03,6.96,92145710.01,6.97,7801905.35,8.96,491196.13,0.56
387,Entry Short,Short,2024-08-26 19:00,63361.6,1374.327011,6066167.03,6.96,92145710.01,6.97,7801905.35,8.96,491196.13,0.56
388,Exit Long,Short,2024-09-03 17:00,57700.4,1579.517595,-2034254.57,-2.18,90111455.44,-2.18,1317339.80,1.41,2260267.55,2.43
388,Entry Long,Long,2024-09-02 22:00,58953.3,1579.517595,-2034254.57,-2.18,90111455.44,-2.18,1317339.80,1.41,2260267.55,2.43
389,Exit Short,Long,2024-09-05 01:00,57937.8,1579.043882,-429644.36,-0.47,89681811.09,-0.47,3445615.67,3.78,1289621.12,1.42
389,Entry Short,Short,2024-09-03 17:00,57700.4,1579.043882,-429644.36,-0.47,89681811.09,-0.47,3445615.67,3.78,1289621.12,1.42
390,Exit Long,Exit Long,2024-09-06 20:00,53302.7,1565.162163,-7306915.97,-8.06,82374895.12,-8.06,539697.12,0.59,7281887.76,8.03
390,Entry Long,Long,2024-09-05 01:00,57937.8,1565.162163,-7306915.97,-8.06,82374895.12,-8.06,539697.12,0.59,7281887.76,8.03
391,Exit Long,Open,,,,,,,,,,,
391,Entry Long,Long,2024-09-09 03:00,55079.2,,,,,,,,,